Month,Sample_Name,Wetland_ID,Point,Generic_Horizon,Horizon,Generic_Name,Number_Name,Munsell_Color,Percent_Silt,Percent_Clay,Percent_Sand,Texture,Horizon_Start_cm,Horizon_End_cm,Layer_Thickness_cm,Tin_Weight_g,Tin_WetSoil_g,Tin_DrySoil_g,Percent_Soil_Moisture,Percent_Soil_Moisture_notin,ETDN_mgN_L,ENO3_mgN_L,EON_mgN_L,EOC_mgC_L,EOC _mgC_gsoil,Bulk_EOC_mgC-cm_L,EOC_EON,EEM_File_Name,Abs_File_Name,Analysis_Date,T,A,C,M,N,FI,HIX,T/M,T/N,T/C,A/T,A/C,A/M,M/C,C/N,Abs _254nm,Abs_275nm ,Abs_295nm,Abs_350nm,Abs_400nm,SUVA254_L_mg-m,SSR,Percent_Protein,Percent_RI,C1 ,C2_Q2,C3,C4_HQ,C5_SQ1,C6,C7_SQ2,C8_Trypto,C9_SQ3,C10,C11_Q1,C12_Q3,C13_Tyrosine
2020-03,QB Leaf Litter,QB,LL,0 LL,LL,LL,LL,,,,,,,,,1.21,5.87,3.07,150.5376344,91.20521173,1.452876416,0.00175,1.451126416,34.24172706,0.171208635,,23.59665339,eemc_15,2_abs,20200706_Raman.csv,8.103612985,3.655046047,5.76606181,5.340998223,1.712857409,1.429278809,0.491498154,1.517246898,4.73104938,1.405398217,0.451039068,0.633889502,0.684337627,0.926281819,3.366340816,0.816,0.672,0.504,0.22,0.088,2.383057369,1.272727273,0.047760929,0.563246293,0.0581488,0.203333044,0.009696345,0.403533425,0.013656748,0,0.020205618,0.000859164,0.042492894,0.032388877,0.061985561,0.106797759,0.046901766
2020-03,QB Upland O,QB,4 Upland,1 O,O,4 UplandO,4 UplandO,7.5YR 2.5/2,,,,Organic,0,12,12,1.2,11.16,8.91,29.18287938,25.25252525,0.434166732,0.00175,0.432416732,9.209720719,0.046048604,110.5166486,21.29825244,eemc_17,4_abs,20200706_Raman.csv,2.9667944,1.23546324,1.207544957,1.243789234,0.478585632,1.511091221,0.492955045,2.385287088,6.199087894,2.456881116,0.416430353,1.023119871,0.993305944,1.030014847,2.523153381,0.252,0.204,0.156,0.076,0.032,2.736239324,1.090909091,0.051838998,0.426465644,0.073208766,0.259500265,0.017482951,0.233197791,0.026888574,0.02386631,0.050192119,0,0.039189697,0.01415084,0.081071308,0.129412379,0.051838998
2020-03,QB Upland A,QB,4 Upland,2 A,A,4 UplandA,4 UplandA,10YR 4/3,11.88230981,5.447846013,82.66984418,Loamy Sand,12,28,16,1.23,14.42,12.89,13.12178388,11.86966641,0.189203375,0.005458551,0.183744824,3.178231152,0.015891156,50.85169843,17.29698326,eemc_18,1_abs,20200710_Raman.csv,0.919183352,0.749851748,0.452034718,0.492486186,0.311456827,1.641073073,0.427689013,1.866414484,2.951238415,2.0334353,0.815780385,1.658836631,1.522584326,1.089487526,1.451355947,0.055,0.043,0.032,0.014,0.007,1.730522337,1.571428571,0.042165395,0.457586328,0.057256226,0.215097711,0.059925314,0.266237205,0.00825716,0.005409837,0.038911095,0.016197619,0.057290306,0.025132124,0.047256313,0.177061314,0.025967776
2020-03,QB Upland B,QB,4 Upland,3 B,B,4 UplandB,4 UplandB,2.5Y 6/4,10.54229342,7.80222597,81.65548061,Loamy Sand,41,65,24,1.2,15.68,13.79,15.01191422,13.70558376,0.121493903,0.004522388,0.116971515,1.565712858,0.007828564,37.57710858,13.38541999,eemc_19,2_abs,20200710_Raman.csv,0.122954646,0.414709391,0.078637811,0.188077491,0.348458103,1.746621315,0.391486946,0.653744613,0.352853457,1.563556326,3.372864738,5.273663998,2.204992153,2.391692865,0.225673646,0.011,0.008,0.006,0.003,0.001,0.702555385,1,0.096458052,0.318368448,0.062917098,0.100769626,0.019283538,0.210149523,0,0,0.042567097,0.096458052,0.008772539,0,0.025241007,0.43384152,0
2020-03,QB Trasition O,QB,3 Transition,1 O,O,3 TransitionO,3 TransitionO,7.5YR 2.5/2,,,,Organic,0,8.89,8.89,1.21,11.09,5.45,133.0188679,103.4862385,0.72421046,0.00175,0.72246046,17.16104313,0.085805216,152.5616734,23.75360879,eemc_23,6_abs,20200710_Raman.csv,6.409517671,2.435260346,2.563162101,2.618634997,1.006381465,1.45601061,0.545982618,2.447656003,6.368874916,2.500629074,0.3799444,0.950100013,0.929973191,1.021642368,2.546909089,0.456,0.36,0.264,0.116,0.044,2.657181131,1.333333333,0.03924778,0.4320117,0.067830774,0.262180765,0.015299833,0.259986171,0.025347623,0.035337739,0.043411892,0,0.031976691,0.007300986,0.085888335,0.126191411,0.03924778
2020-03,QB Transition A,QB,3 Transition,2 A,A,3 TransitionA,3 TransitionA,10YR 2/1,12.47312023,6.978353607,80.54852617,Loamy Sand,8.9,33.02,24.12,1.22,17.98,13.04,41.79357022,37.88343558,0.362411585,0.02014911,0.342262476,4.935575843,0.024677879,119.0460893,14.42044101,eemc_24,7_abs,20200710_Raman.csv,2.031175966,0.951000879,0.765441997,0.883799318,0.414794084,1.490694724,0.563598253,2.298232104,4.896829642,2.653598801,0.468202113,1.242420565,1.076037127,1.154626113,1.845354181,0.105,0.081,0.059,0.026,0.01,2.127411336,1.375,0.031506325,0.445377076,0.060667491,0.258998737,0.022624879,0.270813301,0.024392113,0.034728318,0.048434206,0,0.035141552,0,0.073746462,0.138946616,0.031506325
2020-03,QB Transition B,QB,3 Transition,3 B,B,3 TransitionB,3 TransitionB,10YR 4/1,11.41808195,13.93307798,74.64884007,Sandy Loam,50,70,20,1.22,21.29,16.17,34.24749164,31.66357452,0.16130156,0.016872539,0.144429021,2.40994478,0.012049724,48.19889559,16.68601479,eemc_25,8_abs,20200710_Raman.csv,0.748533691,0.629538502,0.318232144,0.440887558,0.399561765,1.606259777,0.527822789,1.697788192,1.873386687,2.352162421,0.841028948,1.978236686,1.427889017,1.385427482,0.796452945,0.039,0.03,0.022,0.01,0.005,1.618294341,1.6,0.039693912,0.438461753,0.055115794,0.226799347,0.019540286,0.270462542,0.016859089,0.013722975,0.050082001,0.011082403,0.042156541,0.006263903,0.062407416,0.196896193,0.028611509
2020-03,QB Edge O,QB,2 Edge,1 O,O1,2 EdgeO,2 EdgeO1,10YR 2/2,,,,Organic,0,15,15,1.21,13.2,4.46,268.9230769,195.9641256,0.6937123,0.004774432,0.688937868,12.83744534,0.064187227,192.5616801,18.63367647,eemc_20,3_abs,20200710_Raman.csv,5.564078937,1.941784721,1.751157346,2.051900334,0.71006947,1.46560228,0.544053592,2.711671149,7.835964186,3.177372354,0.348985833,1.108857937,0.946334814,1.171739558,2.466177493,0.31,0.244,0.184,0.084,0.032,2.414810672,1.153846154,0.032180675,0.404421758,0.071185553,0.287878073,0.017276853,0.227353728,0.027684723,0.048715683,0.051155263,0,0.029735675,0,0.084320731,0.122513044,0.032180675
2020-03,QB Edge O,QB,2 Edge,1 O,O2,2 EdgeO,2 EdgeO2,10YR 2/2,,,,Organic,15,30,15,1.16,16.99,8.87,105.3177691,91.54453213,0.54228849,0.235394602,0.306893888,6.369710405,0.031848552,95.54565607,20.7554163,eemc_21,4_abs,20200710_Raman.csv,3.529889292,1.45614656,1.31870734,1.494879568,0.681516632,1.478969647,0.576345138,2.361320181,5.179461695,2.676779893,0.412519045,1.104222685,0.974089546,1.133594637,1.934959878,0.17,0.134,0.1,0.048,0.02,2.668881145,1.214285714,0.026497409,0.467601676,0.05958325,0.265419118,0.020847263,0.291690117,0.025784287,0.034174213,0.049735858,0,0.033947096,0.000993843,0.070907791,0.120419755,0.026497409
2020-03,QB Edge A,QB,2 Edge,2 A,A,2 EdgeA,2 EdgeA,10YR 2/1,4.794523211,7.907849972,87.29762682,Loamy Sand,30,55,25,1.19,17.98,11.74,59.14691943,53.1516184,0.426253215,0.090001277,0.336251939,4.74129653,0.023706483,118.5324133,14.10042883,eemc_22,5_abs,20200710_Raman.csv,2.865761007,1.029595524,0.967297232,1.092654331,0.3714171,1.488138819,0.575594519,2.622751702,7.715748695,2.962647789,0.359274734,1.064404497,0.942288421,1.129595221,2.604342212,0.12,0.092,0.069,0.031,0.013,2.530953279,1.277777778,0.019518582,0.449257539,0.057834436,0.280233251,0.019181152,0.271321722,0.026655848,0.043329982,0.052739702,0,0.035705241,0,0.076349829,0.117130253,0.019518582
2020-03,QB Wetland O/A,QB,1 Wetland,1 O,O/A,1 WetlandOA,1 WetlandOA,10YR 2/2,,,,Organic,0,15,15,1.18,14.68,6.04,177.7777778,143.0463576,1.092766944,0.00175,1.091016944,6.763567557,0.033817838,101.4535134,6.199324029,eemc_16,3_abs,20200706_Raman.csv,5.174894415,1.801046873,1.684812033,1.923122464,0.534897226,1.49241845,0.561615644,2.690881372,9.674558342,3.071496591,0.348035482,1.068989797,0.936522196,1.141446302,3.14978645,0.158,0.121,0.09,0.041,0.015,2.33604527,1.192307692,0.018009735,0.448282237,0.050469518,0.284817899,0.019993693,0.273337529,0.025133123,0.045450631,0.051356202,0,0.038419822,0,0.075622204,0.117389644,0.018009735
2020-03,Channel DF-QB O,Channel,Channel,1 O,O,ChannelO,ChannelO,10YR 2/2,,,,Organic,0,10,10,1.16,12.01,3.41,382.2222222,252.1994135,0.550824418,0.00175,0.549074418,8.685166576,0.043425833,86.85166576,15.81783142,eemc_26,1_abs,20200716_Raman.csv,4.162788086,1.592213046,1.777716353,1.856304379,0.581138678,1.448664454,0.52254361,2.242513746,7.163157851,2.341649206,0.382487173,0.895650785,0.857732743,1.044207292,3.059022603,0.209,0.167,0.125,0.057,0.023,2.406401745,1.235294118,0.033071176,0.461831023,0.058792647,0.261556615,0.014391176,0.299088424,0.020348601,0.027925069,0.040992273,0,0.033751941,0.012301613,0.082315924,0.115464542,0.033071176
2020-03,Channel DF-QB A,Channel,Channel,2 A,A,ChannelA,ChannelA,10YR 2/1,9.048290876,5.740313566,85.21139556,Loamy Sand,10,26,16,1.22,14.66,10.45,45.61213434,40.28708134,0.45621788,0.031959167,0.424258713,5.497219674,0.027486098,87.95551478,12.95723459,eemc_27,2_abs,20200716_Raman.csv,4.078166692,1.334044667,1.258758902,1.487727299,0.46405945,1.4448161,0.598464077,2.741205794,8.788026393,3.239831462,0.32711872,1.05980952,0.89669973,1.181900122,2.712494924,0.141,0.108,0.08,0.035,0.013,2.564932973,1.272727273,0.019700671,0.446683157,0.056761722,0.287833209,0.015091467,0.265815199,0.031793531,0.051786904,0.051756845,0,0.033289677,0,0.076044047,0.110126729,0.019700671
2020-03,FF O,FF,FF,1 O,O,FFO,FFO,10YR 2/2,,,,Organic,0,12,12,1.17,13.43,4.84,234.0599455,177.4793388,0.363567492,0.00175,0.361817492,5.995281184,0.029976406,71.94337421,16.56990419,eemc_28,3_abs,20200716_Raman.csv,2.400872351,1.040024892,1.043054008,1.091955911,0.434121307,1.49567264,0.500960597,2.198689826,5.530418139,2.301771847,0.433186251,0.997095916,0.952442202,1.046883385,2.402678678,0.169,0.133,0.101,0.045,0.018,2.818883632,1.185185185,0.03323857,0.462399064,0.062919435,0.251736883,0.017655046,0.287034034,0.021219504,0.023985209,0.045663434,0,0.039265012,0.011892961,0.07770198,0.127687932,0.03323857
2020-03,FF A,FF,FF,2 A,A,FFA,FFA,10YR 2/1,20.42278226,8.88867207,70.68854567,Sandy Loam,12,29,17,1.17,18.71,12.96,48.77014419,44.36728395,0.358766033,0.00175,0.357016033,4.804878851,0.024024394,81.68294046,13.45843999,eemc_29,4_abs,20200716_Raman.csv,2.671717055,1.040896035,0.931096987,1.078916128,0.400996534,1.454602325,0.569655822,2.476297263,6.662693632,2.869429385,0.389598155,1.117924394,0.964760844,1.158758049,2.321957692,0.116,0.091,0.068,0.031,0.012,2.414212795,1.210526316,0.028418496,0.443641423,0.064211742,0.27266469,0.018408121,0.26355995,0.028731752,0.040685423,0.050130688,0,0.033908078,0,0.076636067,0.122644992,0.028418496
2020-03,FF B,FF,FF,3 B,B,FFB,FFB,10YR 4/1,20.37780094,11.0328296,68.58936946,Sandy Loam,30,32,2,1.21,22.02,17.52,27.59043532,25.68493151,0.291189934,0.00175,0.289439934,3.07932532,0.015396627,6.15865064,10.63890968,eemc_30,5_abs,20200716_Raman.csv,1.345208544,0.78869069,0.452520681,0.604281541,0.40977332,1.558861444,0.535699518,2.226128804,3.282811444,2.972700697,0.586296224,1.742883195,1.305170912,1.335367788,1.104319532,0.055,0.042,0.031,0.012,0.004,1.786105536,1.375,0.042288134,0.404752827,0.064599267,0.259334927,0.023328778,0.22296348,0.023754657,0.034427878,0.054577304,0.013294639,0.036817238,0,0.072928034,0.164980302,0.028993495
2020-03,TB Leaf Litter,TB,LL,0 LL,LL,LL,LL,,,,,,,,,1.17,4.2,2.2,194.1747573,90.90909091,1.406640138,0.00175,1.404890138,20.2359548,0.101179774,,14.4039411,eemc_31,6_abs,20200716_Raman.csv,10.02464272,3.431445358,7.517025955,6.536048325,1.237715104,1.468817579,0.471578694,1.533746726,8.099313554,1.333591606,0.342301013,0.456489758,0.525003058,0.869499236,6.073308738,1.04,0.848,0.64,0.288,0.112,5.139367085,1.181818182,0.031188524,0.596325611,0.063823089,0.208286784,0.00747453,0.438743398,0.012804312,0,0.02077678,0,0.041317136,0.036169624,0.056783926,0.082631897,0.031188524
2020-03,TB Upland O,TB,4 Upland,1 O,O,4 UplandO,4 UplandO,7.5YR 2.5/2,,,,Organic,0,7.62,7.62,1.14,11.82,8.5,45.10869565,39.05882353,0.601417576,0.00373025,0.597687326,10.86462723,0.054323136,82.78845947,18.1777775,eemc_39,8_abs,20200717_Raman.csv,2.841784865,1.228992955,1.167961744,1.286133782,0.563785534,1.48830371,0.484894797,2.209556194,5.040542362,2.43311468,0.432472201,1.052254461,0.955571631,1.101178004,2.071641918,0.226,0.178,0.134,0.06,0.022,2.080145,1.157894737,0.050947758,0.430369213,0.072701011,0.256892043,0.014813007,0.249261327,0.023076883,0.017475088,0.046960052,0,0.036212526,0.018003144,0.084124201,0.129532959,0.050947758
2020-03,TB Upland A,TB,4 Upland,2 A,A,4 UplandA,4 UplandA,2.5Y 3/3,12.85690862,3.573942108,83.56914927,Loamy Sand,7.6,28,20.4,1.18,14.07,12.28,16.12612613,14.57654723,0.240152197,0.00175,0.238402197,4.13549831,0.020677492,84.36416553,17.34672904,eemc_40,9_abs,20200717_Raman.csv,1.346355763,0.736961178,0.475148692,0.581693853,0.335193152,1.548220463,0.487500166,2.314543562,4.016656523,2.833546181,0.547374772,1.551011694,1.266922754,1.224235408,1.41753699,0.08,0.063,0.047,0.02,0.008,1.934470625,1.333333333,0.02314653,0.421007051,0.072306984,0.257767429,0.037043941,0.229940273,0.022257231,0.025503451,0.05465316,0,0.043804421,0.009103103,0.069580676,0.154892802,0.02314653
2020-03,TB Upland B1,TB,4 Upland,3 B,B1,4 UplandB,4 UplandB1,2.5Y 5/4,11.8148722,5.416926965,82.76820084,Loamy Sand,28,36,8,1.17,13.16,11.8,12.7939793,11.52542373,0.180133951,0.006538739,0.173595213,1.871261231,0.009356306,14.97008985,10.77945183,eemc_41,10_abs,20200717_Raman.csv,0.464631024,0.505727612,0.215101714,0.316690456,0.346498881,1.674984995,0.449628461,1.467145649,1.340930808,2.160052637,1.088449943,2.35110917,1.596914598,1.472282346,0.620786172,0.029,0.023,0.017,0.009,0.005,1.549756898,1.5,0.041826761,0.426953016,0.05870391,0.211901441,0.026921329,0.254911361,0.010317236,0.003171961,0.055398669,0.041826761,0.045517531,0.011799717,0.060117241,0.219412844,0
2020-03,TB Upland B2,TB,4 Upland,3 B,B2,4 UplandB,4 UplandB2,2.5Y 5/4,,,,,36,58,22,1.23,17.03,15.05,14.32706223,13.15614618,0.140166246,0.00175,0.138416246,1.562180507,0.007810903,34.36797114,11.2861066,eemc_42,1_abs,20200720_Raman.csv,0.222307171,0.303655142,0.108416774,0.163525871,0.201873171,1.733624865,0.424761938,1.359461777,1.10122197,2.050486864,1.365925987,2.800813295,1.85692417,1.508307846,0.537053901,0.015,0.012,0.008,0.004,0.002,0.960196337,2,0.046224789,0.401073362,0.060865932,0.202965636,0.03728489,0.234987568,0.005204786,0,0.053680778,0.046224789,0.045391384,0.009732966,0.054239407,0.249421864,0
2020-03,TB Transition O,TB,3 Transition,1 O,O,3 TransitionO,3 TransitionO,10YR 2/2,,,,Organic,0,7.62,7.62,1.19,10.12,4.76,150.140056,112.605042,0.827530758,0.00175,0.825780758,16.92614178,0.084630709,128.9772004,20.49713756,eemc_35,4_abs,20200717_Raman.csv,4.413863655,1.913357437,1.876450919,2.023060331,0.886708434,1.455564014,0.487192268,2.181775594,4.977807231,2.352240398,0.433488115,1.019668257,0.94577379,1.078131227,2.116198343,0.338,0.262,0.19,0.078,0.026,1.996911076,1.384615385,0.05258787,0.430261661,0.072527678,0.252120047,0.014660676,0.261565576,0.020411355,0.019283514,0.0381076,0,0.033295358,0.019626349,0.084219879,0.131594098,0.05258787
2020-03,TB Transition A,TB,3 Transition,2 A,A,3 TransitionA,3 TransitionA,10YR 3/1,17.59075908,3.592807557,78.81643337,Loamy Sand,7.62,12.7,5.08,1.22,13.57,9.83,43.43786295,38.04679552,0.340360438,0.00175,0.338610438,7.482401013,0.037412005,38.01059715,22.09737263,eemc_36,5_abs,20200717_Raman.csv,3.476542272,1.22181709,1.00592711,1.214458978,0.43589301,1.501586851,0.533797003,2.862626352,7.975677963,3.456057837,0.351446062,1.214617916,1.006058758,1.207303159,2.307738567,0.224,0.178,0.134,0.062,0.024,2.993691458,1.157894737,0.022671454,0.402307828,0.07565504,0.291682248,0.017217842,0.207827691,0.033387971,0.046718427,0.060230792,0,0.035581794,0,0.082534037,0.126492704,0.022671454
2020-03,TB Transition B1,TB,3 Transition,3 B,B,3 TransitionB,3 TransitionB1,2.5Y 3/1,20.92493505,3.686257988,75.38880697,Loamy Sand,12.7,30.48,17.78,1.16,18.19,14.21,30.49808429,28.00844476,0.246465227,0.012443767,0.23402146,2.805568107,0.014027841,49.88300094,11.98850786,eemc_37,6_abs,20200717_Raman.csv,0.761431327,0.585481619,0.337245525,0.431246419,0.336256433,1.652018741,0.48636808,1.765652521,2.264436462,2.2577952,0.768922421,1.736069351,1.357649811,1.278731332,1.002941481,0.039,0.03,0.021,0.009,0.003,1.390092791,1.5,0.037470356,0.444832896,0.058094214,0.229858723,0.025623007,0.272438718,0.014046864,0.007096171,0.051649482,0.01635117,0.045538834,0.00920383,0.064920361,0.184059439,0.021119186
2020-03,TB Transition B2,TB,3 Transition,3 B,B,3 TransitionB,3 TransitionB2,,,,,,43.18,55.88,12.7,1.18,17.87,13.15,39.43191312,35.89353612,0.206364148,0.026378195,0.179985953,2.309272772,0.011546364,29.32776421,12.83029444,eemc_38,7_abs,20200717_Raman.csv,0.743607923,0.506976924,0.364217382,0.424379864,0.270060896,1.659066548,0.493172532,1.752222448,2.753482398,2.041659623,0.681779884,1.391962462,1.194630017,1.165182895,1.348649092,0.033,0.025,0.018,0.007,0.003,1.429021309,1.75,0.037005647,0.468393628,0.051325291,0.229399569,0.025378758,0.305176778,0.010902062,0.003293741,0.045754533,0.003604113,0.047339058,0.009431239,0.066048644,0.168944678,0.033401534
2020-03,TB Edge O,TB,2 Edge,1 O,O,2 EdgeO,2 EdgeO,10YR 2/2,9.182240099,3.994533828,86.82322607,Loamy Sand,0,10.16,10.16,1.18,13.28,5.7,167.699115,132.9824561,0.380105853,0.050682428,0.329423425,4.504629004,0.022523145,45.76703068,13.67428257,eemc_33,2_abs,20200717_Raman.csv,2.120682545,1.20331797,0.85976637,1.049234294,0.596317682,1.55150051,0.521231359,2.021171588,3.556296602,2.466580013,0.567420132,1.399587157,1.146853449,1.220371406,1.441792516,0.095,0.072,0.053,0.024,0.009,2.108941711,1.266666667,0.039780346,0.435664409,0.059079992,0.249188636,0.023150594,0.268560764,0.01837803,0.022561207,0.046895537,0.008143143,0.037766683,0.002475435,0.072114652,0.160048125,0.031637203
2020-03,TB Edge A,TB,2 Edge,2 A,A,2 EdgeA,2 EdgeA,10YR 2/1,20.47285098,7.888621478,71.63852755,Sandy Loam,10.16,25.4,15.24,1.18,15.93,11.22,46.9123506,41.97860963,0.381172844,0.051870635,0.329302209,4.328011447,0.021640057,65.95889446,13.14297725,eemc_34,3_abs,20200717_Raman.csv,2.198457967,1.208507232,0.854996991,1.03408732,0.573849687,1.548726962,0.521266898,2.12598871,3.83106938,2.571304916,0.549706772,1.413463725,1.168670391,1.20946311,1.489931963,0.097,0.075,0.055,0.025,0.01,2.241214035,1.333333333,0.037613101,0.426434237,0.059833275,0.253520736,0.024978255,0.257291111,0.019419481,0.026139859,0.048681104,0.006233652,0.037678165,2.67129E-05,0.075309397,0.159508803,0.031379449
2020-03,TB Wetland O,TB,1 Wetland,1 O,O,1 WetlandO,1 WetlandO,10YR 2/2,49.14501755,19.75206447,31.10291798,Loam,0,25.4,25.4,1.18,16.83,10.02,77.0361991,67.96407186,0.256512726,0.004414369,0.252098357,4.089577746,0.020447889,103.8752747,16.22215152,eemc_32,1_abs,20200717_Raman.csv,2.950429362,1.491353347,1.105745908,1.331770323,0.708650802,1.55733411,0.536311799,2.215419063,4.16344602,2.668270659,0.505469938,1.348730604,1.119827737,1.204409,1.560353709,0.116,0.092,0.068,0.032,0.014,2.836478659,1.333333333,0.029840504,0.447193346,0.059741374,0.257521974,0.022394324,0.273560845,0.020519287,0.027992157,0.052470274,0,0.038050022,0,0.073644884,0.144264355,0.029840504
2020-03,DB Leaf Litter,DB,LL,0 LL,LL,LL,,,,,,,,,,1.18,8.443,4.61,111.7492711,83.14533623,1.815653365,0.00175,1.813903365,38.0919898,0.190459949,,21.00001054,eemc_43,2_abs,20200720_Raman.csv,5.48335811,2.178478386,2.653503933,2.674047259,0.885131513,1.499499196,0.480352502,2.050583845,6.194964285,2.066459387,0.397289096,0.820981782,0.814674602,1.007741962,2.99786404,0.492,0.4,0.3,0.132,0.048,1.291610133,1.19047619,0.045476919,0.487851678,0.06720746,0.241476072,0.0160611,0.295383154,0.022215001,0.004140406,0.039008574,0,0.050953583,0.031695626,0.071436539,0.114945567,0.045476919
2020-03,DB Upland O,DB,4 Upland,1 O,O,4 UplandO,4 UplandO,7.5YR 2.5/2,,,,Organic,0,8.89,8.89,1.17,11.69,7.82,58.19548872,49.48849105,0.518725771,0.00175,0.516975771,8.633947484,0.043169737,76.75579313,16.70087453,eemc_53,2_abs,20200721_Raman.csv,3.207654566,1.231986164,1.067603058,1.217864026,0.476668814,1.507717469,0.50039457,2.633836371,6.729314921,3.004538572,0.384076944,1.153973994,1.011595825,1.140746101,2.239716602,0.21,0.162,0.12,0.052,0.018,2.432259408,1.235294118,0.037611534,0.398772274,0.074406,0.277980247,0.020083228,0.212522499,0.027050534,0.037868658,0.052775743,0,0.036695063,0.004888362,0.085117295,0.133000838,0.037611534
2020-03,DB Upland A,DB,4 Upland,2 A,A,4 UplandA,4 UplandA,7.5YR 2.5/1,26.64802358,5.284818122,68.0671583,Sandy Loam,8.89,12.7,3.81,1.18,13.76,11.07,27.1991911,24.29990967,0.299725863,0.00175,0.297975863,5.484856445,0.027424282,20.89730305,18.40704948,eemc_54,3_abs,20200721_Raman.csv,2.320415199,0.808781729,0.70120445,0.820643858,0.274915335,1.487881011,0.531690859,2.827554459,8.440472034,3.309184932,0.348550436,1.153417851,0.985545339,1.170334641,2.550619626,0.15,0.118,0.088,0.04,0.015,2.734802661,1.2,0.021438913,0.410910616,0.072254099,0.290503338,0.019771379,0.217130264,0.032162077,0.045305446,0.058786936,0,0.037591128,0,0.08108441,0.12397201,0.021438913
2020-03,DB Upland B1,DB,4 Upland,3 B,B1,4 UplandB,4 UplandB1,10YR 4/3,23.68281597,9.174060111,67.14312392,Sandy Loam,12.7,35,22.3,1.2,18.08,15.67,16.65514858,15.37970645,0.237929299,0.00175,0.236179299,4.483434897,0.022417174,99.98059821,18.9831832,eemc_55,4_abs,20200721_Raman.csv,1.234509471,0.748586468,0.392774667,0.498145531,0.296269063,1.595893193,0.452708707,2.478210471,4.166852451,3.143047596,0.606383738,1.90589295,1.502746528,1.268273068,1.325736351,0.067,0.053,0.037,0.015,0.006,1.494389938,1.777777778,0.01772601,0.398405647,0.072752292,0.258630302,0.056506108,0.196038649,0.019236977,0.027829556,0.056391282,0.005783522,0.054239119,0.007160413,0.057276529,0.176212762,0.011942489
2020-03,DB Upland B2,DB,4 Upland,3 B,B2,4 UplandB,4 UplandB2,10YR 5/4,21.28069307,13.62169967,65.09760726,Sandy Loam,40,60,20,1.18,19.5,17.16,14.64330413,13.63636364,0.128891707,0.00175,0.127141707,1.263431909,0.00631716,25.26863818,9.937194765,eemc_56,5_abs,20200721_Raman.csv,0.136402336,0.426087143,0.079399605,0.199785004,0.36053452,1.799098062,0.36238471,0.682745618,0.378333637,1.717922094,3.123752533,5.366363494,2.132728354,2.516196441,0.22022747,0.004,0.002,0,-0.001,-0.001,0.316597988,,0.084372152,0.32688427,0.062620029,0.113473401,0.01599254,0.20584382,0,0,0.043372282,0.084372152,0.024391026,0,0.024108656,0.425826092,0
2020-03,DB Transition O1,DB,3 Transition,1 O,O,3 TransitionO,3 TransitionO,7.5YR 2.5/2,,,,Organic,0,7.62,7.62,1.17,10.94,5.42,129.8823529,101.8450185,1.254593916,0.00175,1.252843916,22.9028799,0.1145144,174.5199449,18.28071287,eemc_48,7_abs,20200720_Raman.csv,4.669090173,2.151694235,2.233481462,2.397786786,1.040973911,1.483284983,0.454573062,1.947249939,4.485309501,2.090498736,0.460838012,0.963381282,0.897366792,1.073564669,2.145569104,0.35,0.274,0.2,0.084,0.03,1.528192094,1.37037037,0.060978821,0.433617774,0.070422199,0.24828563,0.01628319,0.266776598,0.01657989,0.008740829,0.035111572,0.004371322,0.03572639,0.026739324,0.087413954,0.126941602,0.056607499
2020-03,DB Transition A1,DB,3 Transition,2 A,A1,3 TransitionA,3 TransitionA1,7.5YR 2.5/1,7.686612139,9.38097288,82.93241498,Loamy Sand,7.62,13,5.38,1.18,12.89,9.41,42.28432564,36.98193411,0.516591789,0.00175,0.514841789,10.40188923,0.052009446,55.96216405,20.20404997,eemc_49,8_abs,20200720_Raman.csv,4.472574862,1.611027969,1.346803252,1.592450189,0.603591302,1.472878974,0.5160404,2.808612095,7.409939216,3.320882138,0.360201454,1.196186575,1.011666161,1.182392593,2.231316532,0.3,0.236,0.178,0.08,0.03,2.88409147,1.16,0.031290842,0.396298262,0.075316632,0.288737742,0.018108161,0.204855918,0.031702646,0.047437644,0.057012627,0,0.034503025,0,0.082972371,0.128062392,0.031290842
2020-03,DB Transition A2,DB,3 Transition,2 A,A2,3 TransitionA,3 TransitionA2,7.5YR 3/1,29.59650804,7.537527946,62.86596402,Sandy Loam,13,19,6,1.18,12.99,9.93,34.97142857,30.81570997,0.277496883,0.00175,0.275746883,6.256675168,0.031283376,37.54005101,22.68992166,eemc_50,9_abs,20200720_Raman.csv,2.873576568,1.068525372,0.877562521,1.014132048,0.357779493,1.512510574,0.514111355,2.833532945,8.031697243,3.274497826,0.371845102,1.217605978,1.053635347,1.1556237,2.452802741,0.175,0.138,0.102,0.046,0.018,2.797012715,1.285714286,0.025433414,0.423911522,0.06696057,0.277681357,0.021369363,0.23053771,0.028751236,0.033961175,0.055010663,0,0.045092189,0.0044764,0.078049502,0.132676423,0.025433414
2020-03,DB Transition B1,DB,3 Transition,3 B,B1,3 TransitionB,3 TransitionB1,10YR 5/4,25.86646727,7.934774187,66.19875855,Sandy Loam,19,36,17,1.17,24.19,19.16,27.95997777,26.2526096,0.224502995,0.006502733,0.218000262,3.784029372,0.018920147,64.32849933,17.35791201,eemc_51,10_abs,20200720_Raman.csv,1.446270731,0.835808244,0.49636781,0.627606129,0.405886603,1.63986865,0.475321817,2.304424167,3.563238405,2.91370774,0.5779058,1.683848602,1.331740091,1.264397319,1.22292238,0.078,0.06,0.043,0.018,0.006,2.061294782,1.416666667,0.031738294,0.39713999,0.067672787,0.263750811,0.030509395,0.208019766,0.019381364,0.028901785,0.061228473,0.01359012,0.044689973,0.001877782,0.072738046,0.169491524,0.018148173
2020-03,DB Transtition B2,DB,3 Transition,3 B,B2,3 TransitionB,3 TransitionB2,10YR 6/6,24.40971451,17.51755983,58.07272566,Sandy Loam,36,56,20,1.15,16.44,14.13,17.79661017,16.34819533,0.159976713,0.00175,0.158226713,1.497008628,0.007485043,29.94017256,9.461162422,eemc_52,1_abs,20200721_Raman.csv,0.131831835,3.706569315,0.261260835,1.561478194,3.557145668,1.808783434,0.35545166,0.084427587,0.037061129,0.504598538,28.11588951,14.18723675,2.373756694,5.976702157,0.073446763,0.005,0.002,0,-0.001,-0.001,0.333999411,,0.166229266,0.102769153,0.010291456,0,0,0.084628268,0,0,0,0.166229266,0,0,0,0.738851011,0
2020-03,DB Edge O,DB,2 Edge,1 O,O,2 EdgeO,2 EdgeO,10YR 2/2,26.21531431,4.088627003,69.69605868,Sandy Loam,0,14,14,1.22,12.93,6.88,106.8904594,87.93604651,0.295457898,0.00175,0.293707898,4.83313766,0.024165688,67.66392724,16.45559308,eemc_46,5_abs,20200720_Raman.csv,2.908371875,1.282784682,0.969501578,1.218924384,0.666435116,1.509301603,0.531336008,2.386015008,4.364073566,2.99986296,0.441066252,1.323138312,1.052390697,1.257269107,1.454757642,0.144,0.116,0.088,0.042,0.016,2.979430965,1.076923077,0.02390826,0.430083272,0.070772484,0.273882232,0.016636533,0.244256772,0.02847928,0.039295733,0.058328511,0,0.034179813,0.000145928,0.07694217,0.133172285,0.02390826
2020-03,DB Edge A,DB,2 Edge,2 A,A,2 EdgeA,2 EdgeA,10YR 3/1,25.72489002,10.28995601,63.98515397,Sandy Loam,14,30,16,1.16,15.72,11.74,37.61814745,33.9011925,0.271806264,0.00175,0.270056264,2.095565528,0.010477828,33.52904845,7.759736795,eemc_47,6_abs,20200720_Raman.csv,0.793027075,2.023004564,0.361232,1.006181199,1.75114117,1.65398806,0.476824252,0.78815533,0.452863018,2.195340047,2.550990537,5.600291686,2.010576789,2.785415467,0.206283768,0.026,0.019,0.013,0.005,0.001,1.240715198,1.5,0.079145629,0.348575238,0.061483683,0.134114414,0,0.226825591,0.003133415,0,0.058005921,0.079145629,0.011590415,0,0.038667879,0.387033052,0
2020-03,DB Wetland O/A,DB,1 Wetland,1 O,O/A,1 WetlandOA,1 WetlandOA,2.5YR 4/1,39.52062257,13.907393,46.57198444,Loam,0,8.89,8.89,1.17,14.79,10.42,47.24324324,41.93857965,0.358632659,0.009725294,0.348907365,3.806989655,0.019034948,33.84413803,10.91117597,eemc_44,3_abs,20200720_Raman.csv,2.020730475,0.777350827,0.776830895,0.862586322,0.342585097,1.475913671,0.539932759,2.342641452,5.898477463,2.601248854,0.384688031,1.000669299,0.901186127,1.110391371,2.267556006,0.118,0.096,0.072,0.034,0.014,3.099561877,1.2,0.030371632,0.464879059,0.06551619,0.26351203,0.014509853,0.281415848,0.028434779,0.028165239,0.051498221,0,0.034977116,0.00890145,0.077275829,0.115421812,0.030371632
2020-03,DB Wetland B,DB,1 Wetland,3 B,B,1 WetlandB,1 WetlandB,2.5YR 5/1,34.37536032,25.12896353,40.49567615,Loam,8.9,28,19.1,1.22,18.2,14.42,28.63636364,26.21359223,0.249132705,0.026378195,0.22275451,2.556537352,0.012782687,48.82986342,11.47692746,eemc_45,4_abs,20200720_Raman.csv,1.353433827,0.622604639,0.503683254,0.591458896,0.273011769,1.474420954,0.5547992,2.288297355,4.957419361,2.687073305,0.46001853,1.236103511,1.052659185,1.17426754,1.844914075,0.062,0.049,0.037,0.017,0.006,2.425155258,1.090909091,0.028593409,0.444930931,0.062000274,0.260514145,0.017604305,0.267107794,0.027924209,0.035795382,0.050535687,0,0.034464664,0.001868769,0.07487138,0.138719982,0.028593409
2020-01,ND Leaf Litter,ND,LL,0 LL,LL,LL,LL,,,,,,0,0,,1.17,6.84,3.74,120.6225681,82.88770053,4.649280255,0.042435224,4.606845031,40.78779881,0.203938994,,8.853737978,eemc_1,1_abs,20200311_Raman.csv,9.861963742,2.913015362,3.433491521,3.726238732,1.176306064,1.380893616,0.511412997,2.646626921,8.383841624,2.872284286,0.295378835,0.848411987,0.781757577,1.08526225,2.918875985,1.272,1.032,0.776,0.344,0.12,3.118579667,1.142857143,0.037872447,0.435213207,0.092986974,0.266418859,0.014876998,0.238418395,0.035024509,0.039221599,0.040962586,0,0.0312761,0.020760964,0.08179663,0.10038394,0.037872447
2020-01,ND Upland O,ND,4 Upland,1 O,O,4 UplandO,4 UplandO,10YR 2/2,,,,Organic,0,6,6,,,,,,1.454471523,0.043279601,1.411191921,22.95601026,0.114780051,137.7360615,16.26710719,eemc_3,3_abs,20200311_Raman.csv,6.108759716,2.386998173,1.96792044,2.341866432,1.106125233,1.451310417,0.53318483,2.608500482,5.52266555,3.104170062,0.390750051,1.212954612,1.019271697,1.190020889,1.779111788,0.504,0.392,0.288,0.128,0.048,2.195503462,1.3,0.031791383,0.372028022,0.077109311,0.294472899,0.015376036,0.17522598,0.03916061,0.055619022,0.059232097,0,0.031483075,0,0.087079748,0.13344984,0.031791383
2020-01,ND Upland A,ND,4 Upland,2 A,A,4 UplandA,4 UplandA,10YR 3/2,21.72696367,5.147993257,73.12504308,Sandy Loam,6,10.5,4.5,1.16,13.28,10.94,23.92638037,21.38939671,0.698691516,0.031323217,0.667368299,10.70116772,0.053505839,48.15525475,16.03487571,eemc_2,2_abs,20200311_Raman.csv,3.802629076,1.347276539,0.961730757,1.249270126,0.554646986,1.42826134,0.557032805,3.04388058,6.855944726,3.9539435,0.35430133,1.400887441,1.078450938,1.298981151,1.733951111,0.316,0.25,0.182,0.08,0.032,2.952948764,1.416666667,0.047341912,0.382907506,0.080690819,0.275422905,0.019933367,0.198699313,0.029299617,0.040591613,0.050174794,0,0.030586997,0.005083795,0.088009925,0.134164944,0.047341912
2020-01,ND Upland B1,ND,4 Upland,3 B,B1,4 UplandB,4 UplandB1,2.5Y 6/4,20.55155759,11.71354209,67.73490032,Sandy Loam,10.5,26,15.5,1.22,13.6,12.03,14.52358927,13.05070657,0.235956319,0.024804624,0.211151695,5.037589538,0.025187948,78.08263784,23.85767989,eemc_4,4_abs,20200311_Raman.csv,2.131346799,0.865980337,0.560477618,0.716297915,0.309119395,1.538418474,0.526848935,2.975503284,6.894898317,3.802733115,0.406306631,1.54507568,1.208966715,1.278013416,1.813142839,0.138,0.11,0.082,0.038,0.014,2.739405403,1.166666667,0.016150807,0.38516476,0.077618545,0.289153109,0.030886533,0.177413452,0.03296385,0.044618457,0.067012324,0,0.042576622,0,0.078610241,0.142996059,0.016150807
2020-01,ND Upland B2,ND,4 Upland,3 B,B2,4 UplandB,4 UplandB2,,,,,,44,64,20,1.19,13.61,12.45,10.30195382,9.317269076,0.080154231,0.027945708,0.052208523,2.05780382,0.010289019,41.1560764,39.41509346,eemc_9,5_abs,20200325_Raman.csv,0.348309736,0.994912823,0.152149317,0.439693078,0.819071195,1.811207862,0.407884464,0.792165611,0.425249646,2.289262567,2.856402567,6.539055472,2.262743885,2.889878751,0.185758354,0.015,0.01,0.006,0.001,-0.001,0.72893246,2,0.08679003,0.295393522,0.066407534,0.13275544,0.017424812,0.165123066,0,0,0.057705591,0.08679003,0.022164121,0,0.032086808,0.419542598,0
2020-01,ND Transition O,ND,3 Transition,1 O,O,3 TransitionO,3 TransitionO,7.5YR 2.5/2,,,,Organic,0,6,6,,,,,,1.037322924,0.038618638,0.998704286,18.67854681,0.093392734,112.0712809,18.70278027,eemc_5,1_abs,20200325_Raman.csv,6.127463079,2.23401302,1.822697233,2.188292747,0.879154329,1.464356045,0.511432678,2.800111222,6.969724058,3.361755846,0.364590205,1.225663253,1.020893124,1.200579398,2.073239217,0.476,0.372,0.272,0.116,0.036,2.54837812,1.25,0.037202567,0.378518022,0.083946867,0.286310653,0.019064335,0.189278722,0.031992205,0.04520875,0.054865871,0,0.03108567,0.002931931,0.08858308,0.129529348,0.037202567
2020-01,ND Transition A1,ND,3 Transition,2 A,A1,3 TransitionA,3 TransitionA1,10YR 2/1,27.04020701,7.280055732,65.67973726,Sandy Loam,6,9,3,1.21,2,1.8,33.89830508,11.11111111,0.772879021,0.030377515,0.742501507,9.822212154,0.049111061,29.46663646,13.22854171,eemc_6,2_abs,20200325_Raman.csv,3.965549361,1.463627283,1.07568319,1.359171527,0.553218658,1.468046784,0.54181154,2.917622451,7.168141032,3.686540235,0.36908563,1.360649024,1.076852519,1.263542592,1.944408734,0.3,0.244,0.168,0.072,0.024,3.054301773,1.583333333,0.028940322,0.386935944,0.081737674,0.292744986,0.01898596,0.182158122,0.038375867,0.046850741,0.063346951,0,0.034755123,0,0.082159335,0.12994492,0.028940322
2020-01,ND Transition A2,ND,3 Transition,2 A,A2,3 TransitionA,3 TransitionA2,10YR 3/2,30.30625207,5.145521934,64.548226,Sandy Loam,9,13.5,4.5,1.23,12.84,10.08,31.18644068,27.38095238,0.29386587,0.037064984,0.256800886,6.651113725,0.033255569,29.93001176,25.89988622,eemc_7,3_abs,20200325_Raman.csv,3.42452895,1.235083741,0.906484453,1.122952646,0.40189941,1.551643494,0.53307292,3.049575564,8.520860855,3.777813221,0.360657994,1.362498538,1.099853806,1.238799676,2.25550083,0.184,0.144,0.104,0.044,0.012,2.766453975,1.25,0.017537154,0.396660525,0.077511888,0.295393232,0.026416953,0.184474313,0.035241126,0.042091747,0.069738862,0,0.042329325,0,0.078025476,0.131239925,0.017537154
2020-01,ND Transition B1,ND,3 Transition,3 B,B1,3 TransitionB,3 TransitionB1,10YR 5/4,25.39172857,14.16910451,60.43916693,Sandy Loam,13.5,29,15.5,1.22,13.56,11.36,21.69625247,19.36619718,0.202942462,0.053682331,0.149260131,3.165973675,0.015829868,49.07259197,21.21111408,eemc_10,6_abs,20200325_Raman.csv,1.319305602,0.841498866,0.408644395,0.569877705,0.431897241,1.640743285,0.46851606,2.315067936,3.054674764,3.228493083,0.63783468,2.059244851,1.476630615,1.394556519,0.946161161,0.065,0.05,0.035,0.014,0.005,2.053080874,1.666666667,0.027699582,0.375248876,0.071245925,0.268905007,0.030315131,0.180762531,0.021020883,0.028876654,0.067818699,0.014415545,0.046305921,0,0.072438689,0.184610977,0.013284037
2020-01,ND Transition B2,ND,3 Transition,3 B,B2,3 TransitionB,3 TransitionB2,,,,,,54,64,10,1.22,14.91,13.23,13.98834305,12.6984127,0.127755799,0.038415988,0.089339811,1.286777497,0.006433887,12.86777497,14.40318131,eemc_11,7_abs,20200325_Raman.csv,0.067144604,4.060280412,0.280093351,1.714566026,3.996212611,1.865239555,0.401314285,0.039161282,0.01680206,0.239722236,60.47068778,14.49616851,2.368109685,6.121409241,0.070089702,0.001,-0.001,-0.001,-0.002,-0.002,0.077713513,,0.181196293,0.065724961,0,0,0,0.053815842,0,0,0,0.181196293,0,0,0,0.764987866,0
2020-01,ND Edge O,ND,2 Edge,1 O,O,2 EdgeO,2 EdgeO,10YR 2/1,15.27643698,9.454298411,75.26926461,Sandy Loam,0,15,15,1.19,12.53,7.24,87.43801653,73.06629834,0.911595502,0.278995996,0.632599506,4.543064228,0.022715321,68.14596342,7.181580425,eemc_12,9_abs,20200325_Raman.csv,2.858873426,1.049332758,0.987735552,1.133152857,0.411502473,1.457406829,0.564310879,2.522937138,6.947402777,2.894371292,0.367044147,1.062362042,0.92602931,1.147222913,2.400314982,0.143,0.114,0.086,0.042,0.019,3.147655257,1.217391304,0.023381387,0.449904286,0.063822927,0.275123574,0.018019095,0.267182672,0.029011104,0.03916201,0.051993273,0,0.035842202,0.002034691,0.077679924,0.116747143,0.023381387
2020-01,ND Edge A,ND,2 Edge,2 A,A,2 EdgeA,2 EdgeA,,,,,,15,30,15,1.18,14.69,11.04,37.01825558,33.0615942,0.358228318,0.218099498,0.14012882,3.498063664,0.017490318,52.47095497,24.96319927,eemc_13,10_abs,20200325_Raman.csv,2.151338437,0.894558002,0.750937154,0.909670287,0.408173028,1.493354337,0.574052482,2.364965052,5.270653099,2.864871482,0.415814633,1.191255483,0.983387074,1.21138005,1.839752021,0.097,0.077,0.057,0.027,0.012,2.772962682,1.333333333,0.027700768,0.452977022,0.062596965,0.271082499,0.017928408,0.272607423,0.027293084,0.036877371,0.053101692,0,0.034246265,0,0.072920931,0.123644592,0.027700768
2020-01,ND Edge B,ND,2 Edge,3 B,B,2 EdgeB,2 EdgeB,10YR 3/1,14.15605116,11.29113604,74.5528128,Sandy Loam,30,65,35,1.18,13.65,11.8,17.41996234,15.6779661,0.18828814,0.158689104,0.029599036,1.904392684,0.009521963,66.65374393,64.33968563,eemc_14,11_abs,20200325_Raman.csv,0.846030361,0.84891335,0.329796618,0.514297398,0.575700622,1.684763242,0.503215099,1.645021661,1.469566522,2.565309391,1.003407666,2.574051109,1.650627346,1.559438062,0.572861319,0.032,0.025,0.019,0.009,0.005,1.680325716,1.5,0.043027506,0.407895516,0.054543159,0.225443951,0.027519217,0.23838096,0.011793242,0.011601494,0.055798988,0.0346776,0.045534966,0.001548339,0.060044985,0.224763194,0.008349906
2020-01,ND Wetland O/A,ND,1 Wetland,1 O,O/A,1 WetlandOA,1 WetlandOA,10YR 2/1,20.87815611,12.2640917,66.85775219,Sandy Loam,0,15,15,1.17,14.27,7.7,100.6125574,85.32467532,0.366138321,0.364548314,0.001590008,2.919613439,0.014598067,43.79420158,,eemc_8,4_abs,20200325_Raman.csv,2.528674888,1.300765543,0.841126851,1.110624261,0.673044882,1.579830385,0.554879727,2.276805015,3.757067254,3.006294335,0.514406003,1.546455854,1.171202168,1.320400436,1.24973367,0.064,0.05,0.036,0.016,0.006,2.192071017,1.4,0.024648251,0.435203155,0.059910737,0.265306137,0.018083064,0.258845294,0.022847238,0.034865429,0.057318584,0.000169747,0.036348349,0,0.072571956,0.149254961,0.024478504
2020-09,ND Upland O,ND,4 Upland,1 O,O,4 Upland1O,4 UplandO,10YR 2/2,,,,Organic,0,5.9944,5.9944,1.18,11.15,5.01,160.3133159,122.5548902,1.759032606,0.004,1.755032606,14.28029214,0.476009738,85.60178323,8.136767429,eemc_57,1_abs,20201016_Raman.csv,2.806201698,1.449138932,2.110001902,1.987090427,0.883632899,1.438465808,0.475484366,1.412216404,3.175755115,1.329952213,0.516405835,0.686795083,0.729276792,0.941748169,2.387871598,0.25,0.192,0.138,0.056,0.02,1.750664465,1.5,0.06819453,0.555996296,0.060520114,0.200835293,0.010420926,0.407053368,0.005493147,0,0.018301532,0.013237955,0.032132069,0.028160832,0.062335735,0.106552454,0.054956575
2020-09,ND Upland A,ND,4 Upland,2 A,A,4 UplandA,4 UplandA,10YR 3/2,21.72696367,5.147993257,73.12504308,Sandy Loam,5.9944,10.9982,5.0038,1.16,12.07,9.86,25.40229885,22.4137931,0.711382878,0.004,0.707382878,10.56300155,0.352100052,52.85514718,14.93250952,eemc_58,2_abs,20201016_Raman.csv,3.857710411,1.467427495,1.246715982,1.440812089,0.5797283,1.431728593,0.545833535,2.677455611,6.654342066,3.094297712,0.380388194,1.177034317,1.018472504,1.155685905,2.150517722,0.318,0.256,0.184,0.078,0.03,3.010507935,1.5,0.034794477,0.413156697,0.072591719,0.275423227,0.017393247,0.224542706,0.033106924,0.043732386,0.052968405,0,0.032916872,0,0.08154786,0.130982179,0.034794477
2020-09,ND Upland B,ND,4 Upland,3 B,B,4 UplandB,4 UplandB,2.5Y 6/4,20.55155759,11.71354209,67.73490032,Sandy Loam,10.9982,63.9826,52.9844,1.17,22.49,18.62,22.17765043,20.78410311,0.01,0.004,0.006,2.545947283,0.084864909,134.8954892,424.3245471,eemc_59,3_abs,20201016_Raman.csv,0.889671626,0.702751693,0.268613288,0.414682018,0.407235225,1.655157697,0.470971583,2.145430928,2.18466275,3.312090898,0.789900085,2.616220883,1.694676073,1.543788176,0.659602293,0.044,0.033,0.023,0.009,0.002,1.728236885,1.428571429,0.030244004,0.3536058,0.070765528,0.258183802,0.030703796,0.166238617,0.018785004,0.029976946,0.06797313,0.030244004,0.04343443,0,0.071375764,0.212318978,0
2020-09,ND Transition O,ND,3 Transition,1 O,O,3 TransitionO,3 TransitionO,7.5YR 2.5/2,,,,Organic,0,5.9944,5.9944,1.17,11.36,5.25,149.754902,116.3809524,1.084993259,0.004,1.080993259,11.83722242,0.394574081,70.95704609,10.9503203,eemc_60,4_abs,20201016_Raman.csv,2.959590884,1.402712744,1.128721719,1.274635364,0.664078928,1.510533685,0.475463883,2.321911793,4.456685434,2.622073123,0.473954948,1.242744531,1.100481584,1.129273356,1.699680072,0.228,0.176,0.124,0.05,0.016,1.926127531,1.529411765,0.053370701,0.388991264,0.074878934,0.263904545,0.020621422,0.215643159,0.019350953,0.027025797,0.045520335,0.00244634,0.035173608,0.012547504,0.086037655,0.145925386,0.050924361
2020-09,ND Transition A1,ND,3 Transition,2 A,A1,3 TransitionA,3 TransitionA1,10YR 2/1,27.04020701,7.280055732,65.67973726,Sandy Loam,5.9944,8.9916,2.9972,1.18,12.07,8.18,55.57142857,47.55501222,0.800145981,0.004,0.796145981,8.252622521,0.275087417,24.73476022,10.36571523,eemc_61,5_abs,20201016_Raman.csv,3.251092229,1.272521516,1.105193663,1.266321935,0.529641199,1.455434818,0.532699288,2.567350481,6.138291799,2.941649359,0.391413539,1.151401387,1.004895738,1.145791889,2.086683711,0.236,0.186,0.136,0.06,0.02,2.859697016,1.25,0.038221863,0.413459832,0.071342261,0.273766197,0.018046964,0.227872749,0.030389283,0.037683924,0.052015917,0,0.033884861,0.002307777,0.082982951,0.131485252,0.038221863
2020-09,ND Transition A2,ND,3 Transition,2 A,A2,3 TransitionA,3 TransitionA2,10YR 3/2,30.30625207,5.145521934,64.548226,Sandy Loam,8.9916,13.9954,5.0038,1.16,13,9.5,41.96642686,36.84210526,0.371912152,0.004,0.367912152,6.221284199,0.20737614,31.13006187,16.90970022,eemc_62,6_abs,20201016_Raman.csv,3.503580192,1.306477772,0.990834285,1.168725577,0.43433602,1.554547006,0.519884773,2.997778316,8.066520008,3.53599007,0.372897922,1.318563348,1.117865304,1.179536876,2.281262064,0.202,0.156,0.114,0.05,0.018,3.246918057,1.3125,0.020533015,0.393594491,0.072240969,0.291629203,0.022256291,0.194415957,0.029862442,0.042577981,0.06451495,0,0.042767401,0,0.08166727,0.137534522,0.020533015
2020-09,ND Transition B,ND,3 Transition,3 B,B,3 TransitionB,3 TransitionB,10YR 5/4,25.39172857,14.16910451,60.43916693,Sandy Loam,13.9954,63.9826,49.9872,1.16,22.11,18.53,20.61024755,19.32002159,0.01,0.004,0.006,1.640333339,0.054677778,81.99567068,273.3888898,eemc_63,7_abs,20201016_Raman.csv,0.447803202,1.350169613,0.217560067,0.612800274,1.161625639,1.776462642,0.424976633,0.730749023,0.385497002,2.058296855,3.015095936,6.205962484,2.20327841,2.816694638,0.187289312,0.021,0.014,0.01,0.002,0,1.280227592,2,0.090581637,0.314636377,0.06700606,0.113536351,0.002248938,0.196017374,0,0,0.053417133,0.090581637,0.014911449,0,0.026912227,0.43536883,0
2020-09,ND Edge O/A,ND,2 Edge,1 O,O/A,2 EdgeO,2 EdgeOA,10YR 2/1,15.27643698,9.454298411,75.26926461,Sandy Loam,0,25.4,25.4,1.19,14.21,9.95,48.63013699,42.81407035,0.547687608,0.004,0.543687608,6.578378255,0.219279275,167.0908077,12.09955526,eemc_64,8_abs,20201016_Raman.csv,3.445230738,1.480554446,1.132469362,1.349480415,0.625696205,1.508850901,0.52115665,2.553005363,5.506235632,3.042228651,0.429740287,1.307368214,1.097129257,1.191626424,1.809934842,0.17,0.122,0.087,0.038,0.015,2.584223549,1.52173913,0.028904703,0.416729875,0.06390157,0.275808658,0.02660221,0.24358876,0.021703955,0.037661702,0.049091702,0,0.036889619,0,0.078433751,0.137413369,0.028904703
2020-09,ND Edge B,ND,2 Edge,3 B,B,2 EdgeB,2 EdgeB,10YR 3/1,14.15605116,11.29113604,74.5528128,Sandy Loam,25.4,40.64,15.24,1.16,16.16,12.63,30.77593723,27.949327,0.180379932,0.16187497,0.018504962,2.619122294,0.087304076,39.91542376,141.5362142,eemc_66,10_abs,20201016_Raman.csv,1.738866877,0.903762125,0.543078424,0.727853586,0.463879133,1.560521183,0.540073413,2.389033881,3.748534378,3.201870667,0.519741986,1.66414662,1.241681215,1.340236609,1.170732602,0.067,0.052,0.038,0.016,0.006,2.55810888,1.4,0.02446851,0.412624446,0.064523719,0.272131108,0.01869362,0.232807213,0.025001116,0.037995283,0.058628354,0,0.036076167,0,0.075147992,0.154526918,0.02446851
2020-09,ND Wetland O/A,ND,1 Wetland,1 O,O/A,1 WetlandO,1 WetlandOA,10YR 2/1,20.87815611,12.2640917,66.85775219,Sandy Loam,0,30.48,30.48,1.2,13.81,7.65,95.50387597,80.52287582,0.553727701,0.004,0.549727701,4.307025895,0.14356753,131.2781493,7.834835121,eemc_67,11_abs,20201016_Raman.csv,2.761452803,1.258902819,0.993249327,1.187013834,0.593116346,1.526269818,0.541173052,2.326386369,4.655836618,2.780221169,0.455884242,1.267459021,1.060562887,1.195081438,1.674628145,0.099,0.078,0.057,0.025,0.009,2.298569881,1.3125,0.026447857,0.443542548,0.060197977,0.266857092,0.020216563,0.270008511,0.021642908,0.033959868,0.052270566,0,0.037159896,0,0.075071631,0.13616713,0.026447857
2020-09,ND Wetland B,ND,1 Wetland,3 B,B,1 WetlandB,1 WetlandB,10YR 4/1,25.35464909,24.50318699,50.14216393,Sandy Clay Loam,30.48,40.64,10.16,1.18,11.95,9.15,35.13174404,30.6010929,0.338210185,0.202190244,0.136019941,2.933287011,0.097776234,29.80219603,21.56512492,eemc_65,9_abs,20201016_Raman.csv,1.389186274,1.390470661,0.500397024,0.854233914,0.997331083,1.652642905,0.496842554,1.626236387,1.392903818,2.776168138,1.000924561,2.778734874,1.627739941,1.7071123,0.501736116,0.042,0.032,0.023,0.009,0.003,1.431840793,1.5,0.035100356,0.395649163,0.061738496,0.229980094,0.015482386,0.232735284,0.012894297,0.023303572,0.061909773,0.035100356,0.034449967,0,0.062780918,0.229624857,0
2020-09,DB Upland O,DB,4 Upland,1 O,O,4 UplandO,4 UplandO,7.5YR 2.5/2,,,,Organic,0,8.89,8.89,1.17,11.85,7.49,68.98734177,58.21094793,0.687310044,0.004,0.683310044,12.11236047,0.403745349,107.6788845,17.7260097,eemc_68,12_abs,20201019_Raman.csv,3.404873876,1.509236497,1.314583002,1.467438461,0.659516086,1.522419496,0.478298755,2.320283927,5.162685106,2.590079037,0.443257681,1.148072427,1.028483672,1.116276766,1.993253886,0.258,0.196,0.142,0.06,0.022,2.130055498,1.421052632,0.049273444,0.407913937,0.069932081,0.260642662,0.020438875,0.231630738,0.021080478,0.022381352,0.045448241,0.001117206,0.038277938,0.013198813,0.085426198,0.142269179,0.048156238
2020-09,DB Upland A,DB,4 Upland,2 A,A,4 UplandA,4 UplandA,7.5YR 2.5/1,26.64802358,5.284818122,68.0671583,Sandy Loam,8.89,12.7,3.81,1.15,13.76,9.15,57.625,50.38251366,0.222923195,0.004,0.218923195,6.000783497,0.200026117,22.86298512,27.41045095,eemc_69,13_abs,20201019_Raman.csv,2.275390067,0.888719377,0.822559416,0.917234739,0.347689217,1.47123903,0.519593827,2.480706377,6.544321633,2.766231864,0.390578912,1.080431832,0.968911598,1.115098461,2.365789259,0.163,0.126,0.093,0.041,0.015,2.716311963,1.269230769,0.034795811,0.424579591,0.068143295,0.273515761,0.017784721,0.242375762,0.028494381,0.034375246,0.049602253,0,0.035864943,0.005629923,0.082039163,0.127378741,0.034795811
2020-09,DB Upland B1,DB,4 Upland,3 B,B1,4 UplandB,4 UplandB1,10YR 4/3,23.68281597,9.174060111,67.14312392,Sandy Loam,12.7,25.4,12.7,1.16,13.39,11.27,20.96933729,18.81100266,0.227124999,0.004,0.223124999,3.401607085,0.113386903,43.20040998,15.24529795,eemc_70,14_abs,20201019_Raman.csv,1.374798093,0.562987871,0.455611902,0.524552496,0.192809322,1.577460617,0.489025172,2.620897057,7.130350759,3.01747625,0.409505857,1.235674196,1.073272694,1.151314296,2.363018022,0.08,0.062,0.044,0.02,0.008,2.351829532,1.5,0.024948568,0.41058288,0.069111404,0.277294355,0.026352332,0.21950996,0.023954287,0.034366403,0.059896219,0,0.043625265,0.000116085,0.079373083,0.141452039,0.024948568
2020-09,DB Upland B2,DB,4 Upland,3 B,B2,4 UplandB,4 UplandB2,10YR 5/4,21.28069307,13.62169967,65.09760726,Sandy Loam,25.4,55.88,30.48,1.18,16.35,14.25,16.06732976,14.73684211,0.01,0.004,0.006,1.619063802,0.053968793,49.34906469,269.8439671,eemc_71,15_abs,20201019_Raman.csv,0.226162116,0.738894517,0.124895215,0.340649471,0.615509558,1.762522234,0.401680202,0.66391448,0.367438837,1.810814907,3.267101182,5.916115522,2.169075782,2.727482171,0.202913526,0.014,0.009,0.006,0.002,0.001,0.864697239,3,0.090040718,0.310924677,0.066401901,0.106078069,0.026859319,0.190832024,0,0,0.042065131,0.090040718,0.021034426,0,0.017430661,0.439257752,0
2020-09,DB Transition O,DB,3 Transition,1 O,O,3 TransitionO,3 TransitionO,7.5YR 2.5/2,,,,Organic,0,8.001,8.001,1.17,12.24,5.54,153.3180778,120.9386282,1.131388175,0.004,1.127388175,16.13796177,0.537932059,129.1198321,14.31446784,eemc_72,16_abs,20201019_Raman.csv,4.327783815,1.813253975,1.862586362,1.969162309,0.796118614,1.498164436,0.476355522,2.197779125,5.43610429,2.323534578,0.418979795,0.973514041,0.920825047,1.057219332,2.339583987,0.336,0.26,0.19,0.08,0.03,2.082047316,1.4,0.050983477,0.42968943,0.067829029,0.256202538,0.016087065,0.259607851,0.01898927,0.016561928,0.040218271,0,0.037169685,0.02006786,0.086293531,0.129989495,0.050983477
2020-09,DB Transition A1,DB,3 Transition,2 A,A1,3 TransitionA,3 TransitionA1,7.5YR 2.5/1,7.686612139,9.38097288,82.93241498,Loamy Sand,8.001,12.9794,4.9784,1.14,12.89,8.58,57.93010753,50.23310023,0.569834615,0.004,0.565834615,11.05083496,0.368361165,55.01547679,19.53015011,eemc_73,17_abs,20201019_Raman.csv,4.337737337,1.614388348,1.688145532,1.816037919,0.638820606,1.467436266,0.520276756,2.388572006,6.790227643,2.569528074,0.372172915,0.956308753,0.888961806,1.075759101,2.64259718,0.324,0.252,0.188,0.086,0.034,2.931905155,1.230769231,0.037657978,0.442831117,0.069084488,0.265331785,0.015142283,0.260261211,0.026725507,0.026033533,0.048180295,0,0.037148118,0.011320721,0.081862498,0.121251583,0.037657978
2020-09,DB Transition A2,DB,3 Transition,2 A,A2,3 TransitionA,3 TransitionA2,7.5YR 3/1,29.59650804,7.537527946,62.86596402,Sandy Loam,12.9794,19.05,6.0706,1.17,13.79,10.11,41.16331096,36.39960435,0.315275339,0.004,0.311275339,5.3861134,0.179537113,32.69694,17.30337332,eemc_74,18_abs,20201019_Raman.csv,2.562812259,0.906875939,0.792495975,0.910127716,0.28001515,1.515232999,0.518586528,2.815882007,9.152405721,3.233848928,0.353859685,1.144328763,0.99642712,1.148431973,2.830189637,0.16,0.124,0.091,0.041,0.015,2.970602142,1.269230769,0.021237388,0.40731803,0.07046251,0.288367628,0.021165537,0.216220192,0.028860141,0.042658886,0.059208109,0,0.039681728,0,0.08389543,0.128242451,0.021237388
2020-09,DB Transition B1,DB,3 Transition,3 B,B1,3 TransitionB,3 TransitionB1,10YR 5/4,25.86646727,7.934774187,66.19875855,Sandy Loam,19.05,36.068,17.018,1.18,16.37,12.89,29.71818958,26.99767261,0.177316117,0.141561672,0.035754445,4.515818595,0.150527287,76.85020085,126.3009007,eemc_75,19_abs,20201019_Raman.csv,1.851377118,0.855630366,0.600226175,0.731549419,0.351139142,1.616066525,0.460786864,2.530761519,5.272488591,3.084465817,0.462158875,1.425513252,1.169613896,1.218789599,1.709368462,0.101,0.08,0.057,0.025,0.01,2.236582313,1.533333333,0.028098344,0.402553681,0.106537151,0.270077976,0.032397204,0.202353458,0.025838977,0.031082504,0.054607333,0,0.03608578,0.009728216,0.062916003,0.140277055,0.028098344
2020-09,DB Transition B2,DB,3 Transition,3 B,B2,3 TransitionB,3 TransitionB2,10YR 6/6,24.40971451,17.51755983,58.07272566,Sandy Loam,36.068,55.88,19.812,1.18,19.26,15.96,22.32746955,20.67669173,0.01,0.214454339,-0.204454339,1.951766188,0.065058873,38.66839172,-9.546220418,eemc_76,20_abs,20201019_Raman.csv,0.350176909,1.200707665,0.202267509,0.563832456,1.048990852,1.799379717,0.414109105,0.621065539,0.333822653,1.731256349,3.428860199,5.93623599,2.129546909,2.787558219,0.192821042,0.021,0.015,0.01,0.004,0.002,1.07594855,2.5,0.094351818,0.326495925,0.063911895,0.100125475,0.000972858,0.215348346,0,0,0.046692381,0.094351818,0.012465106,0,0.022656569,0.443475552,0
2020-09,DB Edge O,DB,2 Edge,1 O,O,2 EdgeO,2 EdgeO,10YR 2/2,26.21531431,4.088627003,69.69605868,Sandy Loam,0,12.7,12.7,1.17,13.63,6.52,132.8971963,109.0490798,0.297505211,0.004,0.293505211,5.272936048,0.175764535,66.96628782,17.96539158,eemc_77,21_abs,20201019_Raman.csv,2.332428974,0.964559247,1.438543143,1.370908958,0.440797551,1.45045388,0.52422462,1.701374085,5.291383695,1.621382706,0.413542816,0.670511171,0.703591031,0.95298425,3.263500761,0.139,0.112,0.084,0.039,0.016,2.636102519,1.217391304,0.037923126,0.543664059,0.053888244,0.225435845,0.011176104,0.390683682,0.013706041,0,0.030455788,0,0.038693074,0.0259993,0.069902763,0.102136033,0.037923126
2020-09,DB Edge A,DB,2 Edge,2 A,A,2 EdgeA,2 EdgeA,10YR 3/1,25.72489002,10.28995601,63.98515397,Sandy Loam,12.7,25.4,12.7,1.17,20.02,14.77,38.60294118,35.5450237,0.33873541,0.004,0.33473541,4.125551866,0.137518396,52.3945087,12.32481459,eemc_78,22_abs,20201019_Raman.csv,2.438270504,0.999632332,0.943032127,1.084072192,0.446775819,1.474821882,0.546948408,2.249177244,5.457480909,2.585564622,0.409975977,1.060019382,0.922108638,1.149560191,2.110750148,0.133,0.108,0.081,0.039,0.017,3.223811124,1.227272727,0.032723049,0.457866652,0.063668163,0.264395081,0.015437209,0.282815034,0.02501523,0.03029037,0.047982474,0,0.034453067,0.005524297,0.076608538,0.121087488,0.032723049
2020-09,DB Edge B,DB,2 Edge,3 B,B,2 EdgeB,2 EdgeB,10YR 5/1,20.63304696,15.62337712,63.74357591,Sandy Loam,25.4,43.18,17.78,1.18,12.63,10.8,19.02286902,16.94444444,0.01,0.136477923,-0.126477923,2.234709567,0.074490319,39.73313609,-17.66877186,eemc_79,23_abs,20201019_Raman.csv,0.675109341,0.799798519,0.262154254,0.471663006,0.608233419,1.654629504,0.469686813,1.431338334,1.10995108,2.575237024,1.18469479,3.050869886,1.695699067,1.799181202,0.43100929,0.037,0.029,0.022,0.01,0.004,1.655696138,1.166666667,0.049531234,0.38114934,0.066182864,0.216871501,0.017764072,0.216311686,0.012801215,0.016797094,0.06180977,0.049531234,0.032797929,0.000397275,0.061041428,0.247693931,0
2020-09,DB Wetland O/A,DB,1 Wetland,1 O,O/A,1 WetlandO,1 WetlandOA,2.5YR 4/1,39.52062257,13.907393,46.57198444,Loam,0,22.86,22.86,1.17,13.81,8.97,62.05128205,53.95763657,0.472055141,0.004,0.468055141,3.786019813,0.12620066,86.54841292,8.088832882,eemc_80,24_abs,20201020_Raman.csv,2.101717797,1.573111187,0.718088197,1.120470933,1.096334677,1.544802074,0.526625178,1.875745042,1.917040335,2.92682404,0.748488303,2.190693558,1.403973222,1.560352807,0.654989951,0.089,0.071,0.051,0.022,0.008,2.350753678,1.428571429,0.032937057,0.412981076,0.066359366,0.249305783,0.015845472,0.240116526,0.021605522,0.033802395,0.058003864,0.026925822,0.031743991,0,0.066333915,0.183946109,0.006011235
2020-09,DB Wetland B,DB,1 Wetland,3 B,B,1 WetlandB,1 WetlandB,2.5YR 5/1,34.37536032,25.12896353,40.49567615,Loam,22.86,35.56,12.7,1.16,13.12,9.92,36.52968037,32.25806452,0.156744786,0.004,0.152744786,1.887372178,0.062912406,23.96962666,12.35637709,eemc_81,25_abs,20201020_Raman.csv,0.480278231,2.749241163,0.356815824,1.274283457,2.552455356,1.708510524,0.462837478,0.376900624,0.188163225,1.346011577,5.724267701,7.704930596,2.157480071,3.571263856,0.13979317,0.025,0.02,0.016,0.006,0.002,1.324593013,1,0.116712415,0.337001434,0.04589905,0.021029215,0,0.251103508,0,0,0.031097629,0.116712415,0,0,0,0.534158183,0
2020-09,TB Upland O,TB,4 Upland,1 O,O,4 UplandO,4 UplandO,7.5YR 2.5/2,,,,Organic,0,7.62,7.62,1.15,12.15,7.49,73.50157729,62.21628838,0.691511848,0.004,0.687511848,12.13967914,0.404655971,92.50435503,17.65741082,eemc_82,26_abs,20201020_Raman.csv,2.734531162,1.294366555,1.707299703,1.679211455,0.689213404,1.475094731,0.484129756,1.628461474,3.967611696,1.601670262,0.473341307,0.758136695,0.770818083,0.983548145,2.477171357,0.238,0.188,0.136,0.056,0.02,1.960513102,1.444444444,0.055080194,0.526253621,0.061536994,0.219097933,0.009893114,0.366957936,0.013465486,0,0.02943555,0.001955334,0.035626456,0.026967394,0.070071151,0.111867793,0.05312486
2020-09,TB Upland A,TB,4 Upland,2 A,A,4 UplandA,4 UplandA,2.5Y 3/3,12.85690862,3.573942108,83.56914927,Loamy Sand,7.62,20.32,12.7,1.18,13.09,11.19,18.98101898,16.97944593,0.285074875,0.004,0.281074875,5.512950087,0.183765003,70.0144661,19.61381317,eemc_83,27_abs,20201020_Raman.csv,1.913466468,0.888371361,0.797055163,0.885174228,0.418172943,1.545464878,0.507988036,2.161683439,4.575777795,2.400670062,0.464273284,1.114566973,1.003611869,1.110555791,1.906041928,0.128,0.1,0.072,0.032,0.012,2.321805893,1.4,0.038676108,0.456321434,0.065744329,0.254007219,0.017417508,0.272310035,0.022365352,0.019565973,0.053547472,0,0.038670993,0.010742303,0.077433798,0.12951891,0.038676108
2020-09,TB Upland B,TB,4 Upland,3 B,B,4 UplandB,4 UplandB,2.5Y 5/4,11.8148722,5.416926965,82.76820084,Loamy Sand,20.32,43.18,22.86,1.16,20.22,16.61,23.36569579,21.73389524,0.01,0.099852786,-0.089852786,1.795659497,0.059855317,41.0487761,-19.98446093,eemc_84,28_abs,20201020_Raman.csv,0.3762397,0.406132415,0.179587645,0.256687309,0.292003097,1.731289396,0.438228784,1.465751076,1.288478457,2.095019949,1.079451252,2.261471908,1.582206835,1.429314966,0.61501966,0.019,0.015,0.009,0.002,0,1.058107065,3,0.041245024,0.429721269,0.05897096,0.212473314,0.028334262,0.26115399,0.007540195,0.001665411,0.055168056,0.041245024,0.045814105,0.009514273,0.060506806,0.217613603,0
2020-09,TB Transition O,TB,3 Transition,1 O,O,3 TransitionO,3 TransitionO,10YR 2/2,,,,Organic,0,7.62,7.62,1.17,12.16,6.01,127.0661157,102.3294509,0.741845955,0.082806888,0.659039067,18.51273481,0.61709116,141.0670393,28.09049682,eemc_85,29_abs,20201020_Raman.csv,6.505113106,2.410320803,2.546108502,2.746604928,0.926443821,1.480139246,0.529395089,2.368419659,7.021594791,2.55492376,0.370527117,0.946668534,0.877563707,1.078746222,2.748260007,0.468,0.36,0.264,0.116,0.044,2.527989542,1.333333333,0.03371357,0.446618126,0.066712675,0.265045595,0.014107575,0.272269563,0.025758498,0.031616088,0.042779267,0,0.035686817,0.010861143,0.080728509,0.120720701,0.03371357
2020-09,TB Transition A,TB,3 Transition,2 A,A,3 TransitionA,3 TransitionA,10YR 3/1,17.59075908,3.592807557,78.81643337,Loamy Sand,7.62,12.7,5.08,1.17,12.56,8.56,54.12719892,46.72897196,0.311686299,0.004,0.307686299,9.113160657,0.303772022,46.29485614,29.61835057,eemc_86,30_abs,20201020_Raman.csv,3.932982957,1.433698438,1.279544795,1.468701677,0.549061954,1.476268117,0.532410624,2.677863734,7.163095031,3.073736044,0.364532075,1.120475378,0.976167224,1.147831387,2.330419701,0.252,0.196,0.144,0.064,0.022,2.765231619,1.238095238,0.02638848,0.422574076,0.070431438,0.278371796,0.017364859,0.237486661,0.029641011,0.04074054,0.054215088,0,0.035412159,0.000832361,0.082115607,0.127000001,0.02638848
2020-09,TB Transition B,TB,3 Transition,3 B,B,3 TransitionB,3 TransitionB,2.5Y 3/1,20.92493505,3.686257988,75.38880697,Loamy Sand,12.7,38.1,25.4,1.17,17.44,13.68,30.05595524,27.48538012,0.206816281,0.004,0.202816281,3.138177043,0.104605901,79.7096969,15.47300361,eemc_87,31_abs,20201020_Raman.csv,0.88997447,0.789514234,0.423023238,0.556651825,0.6616494,1.622098667,0.486884257,1.598799159,1.345084677,2.103842979,0.887120092,1.866361378,1.418326858,1.31588947,0.639346515,0.059,0.046,0.032,0.014,0.006,1.880072386,1.75,0.051172231,0.452790107,0.052617526,0.217817606,0.026738601,0.283903092,0.012659897,0,0.045625426,0.010761147,0.046545045,0.010942592,0.065539769,0.186438215,0.040411084
2020-09,TB Edge O,TB,2 Edge,1 O,O,2 EdgeO,2 EdgeO,10YR 2/2,9.182240099,3.994533828,86.82322607,Loamy Sand,0,5.08,5.08,1.19,13.25,5.45,183.0985915,143.1192661,0.37269999,0.004,0.36869999,5.8095528,0.19365176,29.51252823,15.7568564,eemc_88,32_abs,20201020_Raman.csv,2.463378246,1.177639082,1.240253833,1.303671879,0.628088668,1.508509387,0.505256009,1.889569213,3.922023067,1.986188779,0.47805857,0.949514568,0.903324756,1.051133119,1.974647681,0.138,0.11,0.081,0.037,0.015,2.375397982,1.318181818,0.044552202,0.487889305,0.055740732,0.236861915,0.015259137,0.328066362,0.015611671,0.007029474,0.036955753,0,0.038547787,0.018244934,0.077075794,0.126054241,0.044552202
2020-09,TB Edge A,TB,2 Edge,2 A,A,2 EdgeA,2 EdgeA,10YR 2/1,20.47285098,7.888621478,71.63852755,Sandy Loam,5.08,38.1,33.02,1.15,18.5,13,46.41350211,42.30769231,0.40307553,0.004,0.39907553,3.563567777,0.118785593,117.669008,8.929557222,eemc_89,33_abs,20201020_Raman.csv,1.498067679,0.868882108,0.687509815,0.800967312,0.471746776,1.611462929,0.500870493,1.870323117,3.175575871,2.178976424,0.580001905,1.263810478,1.084790971,1.165026729,1.457370459,0.082,0.064,0.047,0.021,0.008,2.301064695,1.307692308,0.036439068,0.467107148,0.053188974,0.239904656,0.021938448,0.306142636,0.012908854,0.010619249,0.045603367,0,0.042596564,0.005955582,0.072488205,0.152214397,0.036439068
2020-09,TB Wetland O,TB,1 Wetland,1 O,O,1 WetlandO,1 WetlandO,10YR 2/2,49.14501755,19.75206447,31.10291798,Loam,0,15.24,15.24,1.18,15.44,8.88,85.19480519,73.87387387,0.357993677,0.004,0.353993677,5.899314148,0.196643805,89.90554761,16.66502689,eemc_90,34_abs,20201020_Raman.csv,3.196202398,1.455932812,1.310380426,1.468149795,0.67873417,1.532733569,0.518390605,2.177027445,4.709063636,2.439140828,0.455519592,1.111076435,0.991678653,1.120399669,1.930623923,0.153,0.12,0.089,0.04,0.017,2.593521826,1.347826087,0.028553082,0.458170969,0.058392764,0.257494222,0.018461012,0.293366645,0.017818358,0.025687656,0.045793845,0,0.038794154,0.005094752,0.076728578,0.133814933,0.028553082
2020-09,TB Wetland A,TB,1 Wetland,2 A,A,1 WetlandA,1 WetlandA,10YR 3/1,22.64869379,12.90882341,64.4424828,Sandy Loam,15.24,43.18,27.94,1.18,12.57,9.4,38.56447689,33.72340426,0.297767824,0.004,0.293767824,3.949931839,0.131664395,110.3610956,13.44576063,eemc_91,35_abs,20201021_Raman.csv,1.788840342,1.210398652,0.657426397,0.913210594,0.742055509,1.624872677,0.500684983,1.958847557,2.4106557,2.720974316,0.676638727,1.841116598,1.325432117,1.389068948,0.885953126,0.088,0.067,0.05,0.022,0.009,2.227886546,1.307692308,0.03031209,0.425623642,0.057714552,0.250308034,0.018766379,0.261644368,0.014649438,0.02641199,0.054299263,0.014266325,0.038335371,0,0.069949596,0.177608919,0.016045765
2020-09,QB Upland O1,QB,4 Upland,1 O,O1,4 UplandO,4 UplandO1,7.5YR 2.5/2,,,,Organic,0,5.08,5.08,1.17,11.33,6.51,90.26217228,74.03993856,0.996580305,0.004,0.992580305,16.67262719,0.55575424,84.69694612,16.79725771,eemc_92,36_abs,20201021_Raman.csv,3.589350978,1.69730703,2.005777641,2.021432646,0.841630727,1.48434943,0.46638005,1.775647081,4.264757528,1.789505928,0.472872962,0.846208969,0.839655495,1.007804955,2.383203913,0.308,0.24,0.176,0.076,0.028,1.847339333,1.333333333,0.06051455,0.494399738,0.065196413,0.225497467,0.013198573,0.324669312,0.014163918,0,0.031731044,0.003680803,0.039620626,0.031428008,0.073214467,0.120765622,0.056833747
2020-09,QB Upland O2,QB,4 Upland,1 O,O2,4 UplandO,4 UplandO2,10YR 3/2,14.09980705,0.776136168,85.12405678,Loamy Sand,5.08,8.89,3.81,1.18,11.74,9.82,22.22222222,19.55193483,0.325867386,0.004,0.321867386,6.777414287,0.22591381,25.82194843,21.05654247,eemc_93,37_abs,20201021_Raman.csv,2.313614157,0.95711965,0.99365532,1.039169074,0.377124263,1.491259654,0.507886194,2.226407824,6.134885451,2.328387028,0.413690263,0.963231042,0.921043239,1.045804368,2.634822037,0.182,0.142,0.104,0.046,0.018,2.685389919,1.357142857,0.035218943,0.467021301,0.065581284,0.253163758,0.015802665,0.28361619,0.02510752,0.016488195,0.046740185,0,0.041126644,0.017717372,0.074224932,0.125212313,0.035218943
2020-09,QB Upland A,QB,4 Upland,2 A,A,4 UplandA,4 UplandA,10YR 4/3,11.88230981,5.447846013,82.66984418,Loamy Sand,8.89,25.4,16.51,1.17,12.22,10.61,17.05508475,15.17436381,0.167074221,0.004,0.163074221,2.993778354,0.099792612,49.42728062,18.35837905,eemc_94,38_abs,20201021_Raman.csv,1.20610374,0.491543513,0.540881437,0.564281283,0.190824533,1.562361333,0.507465452,2.137415818,6.320485754,2.229885623,0.407546629,0.908782368,0.871096611,1.043262431,2.834443924,0.077,0.061,0.044,0.019,0.007,2.572000693,1.416666667,0.031593288,0.4795901,0.062168465,0.253590368,0.017523055,0.295470046,0.021082239,0.014225384,0.05194493,0,0.044044024,0.014294324,0.075172397,0.118891481,0.031593288
2020-09,QB Upland B,QB,4 Upland,3 B,B,4 UplandB,4 UplandB,2.5Y 6/4,10.54229342,7.80222597,81.65548061,Loamy Sand,25.4,50.8,25.4,1.16,23.72,20.29,17.92995295,16.90487925,0.01,0.004,0.006,1.764438159,0.058814605,44.81672923,294.0730265,eemc_95,39_abs,20201021_Raman.csv,0.27252519,0.489834944,0.152451138,0.26712849,0.384315317,1.713974137,0.404865748,1.020202636,0.709118732,1.787623188,1.797393275,3.213061895,1.833705357,1.752223651,0.396682443,0.022,0.019,0.01,0.002,0,1.246855827,4.5,0.064765132,0.413845601,0.064198133,0.16222741,0.046776583,0.257076612,0.000455964,0,0.041719684,0.064765132,0.038995926,0.006930729,0.031547171,0.285306654,0
2020-09,QB Trasition O,QB,3 Transition,1 O,O,3 TransitionO,3 TransitionO,7.5YR 2.5/2,,,,Organic,0,10.16,10.16,1.2,12.27,4.3,257.0967742,185.3488372,0.795068802,0.004,0.791068802,19.32839228,0.644279743,196.3764655,24.43326324,eemc_96,40_abs,20201021_Raman.csv,5.015621313,2.112249134,2.46814728,2.523337489,0.974125051,1.442173346,0.510895041,1.987693416,5.148847478,2.032140203,0.421134093,0.855803522,0.837085464,1.022360987,2.533706814,0.396,0.304,0.216,0.088,0.028,2.048799478,1.466666667,0.050939049,0.476775947,0.062132,0.238516091,0.010617675,0.314418261,0.019285737,0.012434754,0.031476153,0,0.034780284,0.024991009,0.080543839,0.119865148,0.050939049
2020-09,QB Transition A,QB,3 Transition,2 A,A,3 TransitionA,3 TransitionA,10YR 2/1,12.47312023,6.978353607,80.54852617,Loamy Sand,10.16,30.48,20.32,1.18,23.35,16.93,40.76190476,37.92085056,0.238855034,0.171406798,0.067448236,4.812421309,0.160414044,97.78840099,71.34984685,eemc_97,41_abs,20201021_Raman.csv,2.302142252,0.982516665,0.964918002,1.062441536,0.439706364,1.501065545,0.558397583,2.16684135,5.235635505,2.38584237,0.426783646,1.018238507,0.924772453,1.101069245,2.19445994,0.12,0.094,0.068,0.03,0.01,2.493547267,1.3,0.029988093,0.483486972,0.057380157,0.253082039,0.016490205,0.307633951,0.024477652,0.024093852,0.047273412,0,0.038565603,0.007597063,0.069357487,0.124060486,0.029988093
2020-09,QB Transition B,QB,3 Transition,3 B,B,3 TransitionB,3 TransitionB,10YR 4/1,11.41808195,13.93307798,74.64884007,Sandy Loam,30.48,45.72,15.24,1.19,23.22,18.64,26.24641834,24.57081545,0.01,0.209027811,-0.199027811,3.188911718,0.106297057,48.59901458,-16.02244283,eemc_98,42_abs,20201021_Raman.csv,1.233695622,1.218684689,0.559618156,0.736859767,0.742782023,1.610194137,0.422759878,1.674261069,1.660912064,2.204531089,0.987832547,2.177707561,1.653889577,1.316718837,0.75340832,0.05,0.038,0.027,0.01,0.003,1.567933026,1.571428571,0.065988875,0.421847937,0.040255927,0.222247365,0.010192603,0.23501895,0.012871832,0.062609565,0.03951137,0.031146177,0.055035157,0.009197708,0,0.247070649,0.034842697
2020-09,QB Edge O,QB,2 Edge,1 O,O,2 EdgeO,2 EdgeO,10YR 2/2,,,,Organic,0,7.62,7.62,1.22,12.06,3.13,467.539267,285.3035144,0.596796189,0.004,0.592796189,12.39725518,0.413241839,94.46708446,20.913183,eemc_99,43_abs,20201021_Raman.csv,4.039417882,1.817683208,2.053441518,2.112039452,0.836049214,1.4998919,0.498499884,1.912567437,4.831555144,1.967145325,0.449986424,0.885188691,0.860629382,1.028536452,2.456125169,0.262,0.206,0.15,0.064,0.024,2.113371034,1.4,0.051296742,0.477834786,0.058860294,0.240024386,0.014690398,0.318542721,0.014875509,0.006985864,0.033648477,0,0.03600139,0.02463645,0.078854189,0.12158358,0.051296742
2020-09,QB Edge A,QB,2 Edge,2 A,A,2 EdgeA,2 EdgeA,10YR 2/1,4.794523211,7.907849972,87.29762682,Loamy Sand,7.62,45.72,38.1,1.16,12.19,7.03,87.90459966,73.3997155,0.402025079,0.142160262,0.259864816,5.497339417,0.183244647,209.4486318,21.15461223,eemc_100,44_abs,20201021_Raman.csv,2.956107032,1.288201969,1.092964917,1.265921628,0.669323489,1.468868878,0.584221423,2.335142213,4.416559527,2.704667813,0.435776498,1.178630667,1.017600095,1.158245437,1.632939729,0.131,0.102,0.075,0.034,0.012,2.382970926,1.227272727,0.025430769,0.467054885,0.056926709,0.265403198,0.020499987,0.293264304,0.025732919,0.03537517,0.048303954,0,0.035191481,0,0.070185983,0.123685527,0.025430769
2020-09,QB Wetalnd O,QB,1 Wetland,1 O,O,1 WetlandO,1 WetlandO,10YR 2/2,,,,Organic,0,5.08,5.08,1.16,12.82,3.68,362.6984127,248.3695652,0.39545976,0.004,0.39145976,7.690638432,0.256354614,39.06844323,19.64605104,eemc_101,45_abs,20201022_Raman.csv,4.261965772,1.589814519,1.764380388,1.865006261,0.585223486,1.515861601,0.531060398,2.285228667,7.282629407,2.415559479,0.373023765,0.901061092,0.852444602,1.057031847,3.014883082,0.2,0.162,0.122,0.058,0.026,2.600564332,1.25,0.029440021,0.472324009,0.0572219,0.263192386,0.01767996,0.30213178,0.019829972,0.025579244,0.045557908,0,0.039013526,0.009370593,0.077379938,0.113602771,0.029440021
2020-09,QB Wetland A,QB,1 Wetland,2 A,A,1 WetlandA,1 WetlandA,10YR 2/1,15.56859251,8.092924742,76.33848274,Sandy Loam,5.08,48.26,43.18,1.16,18.19,8.38,135.8725762,117.0644391,0.559067493,0.004,0.555067493,7.435013725,0.247833791,321.0438926,13.3947922,eemc_102,46_abs,20201022_Raman.csv,4.431671503,1.646816158,1.642995869,1.831089268,0.782111372,1.47607243,0.568231775,2.420237823,5.666292116,2.697311409,0.371601586,1.002325197,0.899364213,1.114481967,2.100718551,0.181,0.141,0.105,0.049,0.02,2.434427248,1.24137931,0.020869089,0.472839414,0.053046017,0.271458176,0.019304937,0.302628864,0.023746703,0.038797768,0.046759072,0,0.037281551,0,0.071751674,0.114356149,0.020869089
2020-09,Channel DF-QB O,Channel,Channel,1 O,O,ChannelO,ChannelO,10YR 2/2,,,,Organic,0,7.62,7.62,1.17,16.76,4.96,311.3456464,237.9032258,0.888033709,0.004,0.884033709,8.248719854,0.274957328,62.85524529,9.33077525,eemc_103,47_abs,20201022_Raman.csv,4.243626042,1.682102033,1.7125341,1.876711631,0.701667278,1.451699093,0.543139973,2.261203038,6.047917829,2.477980462,0.396383191,0.982229804,0.896302876,1.095868182,2.440664049,0.18,0.144,0.107,0.049,0.02,2.182156785,1.275862069,0.034178567,0.464397343,0.05605725,0.262735372,0.016719908,0.298345869,0.021556018,0.029308409,0.042866334,0,0.034866808,0.007497057,0.078042649,0.11782576,0.034178567
2020-09,Channel DF-QB A,Channel,Channel,2 A,A,ChannelA,ChannelA,10YR 2/1,9.048290876,5.740313566,85.21139556,Loamy Sand,7.62,40.64,33.02,1.17,17.32,12.26,45.62669071,41.27243067,0.47643202,0.004,0.47243202,5.639786773,0.187992892,186.2257593,11.9377742,eemc_104,48_abs,20201022_Raman.csv,3.236153798,1.158364213,1.119626058,1.271011669,0.408929648,1.487101945,0.568652099,2.546124381,7.913717715,2.890388066,0.357944735,1.03459919,0.911371816,1.135210867,2.73794298,0.145,0.113,0.084,0.039,0.016,2.571019186,1.260869565,0.021185481,0.458134879,0.055833456,0.276415454,0.01722875,0.281969363,0.02620816,0.044201635,0.050324615,0,0.036204278,0,0.074731018,0.115697791,0.021185481
2020-09,FF O,FF,FF,1 O,O,FFO,FFO,10YR 2/2,,,,Organic,0,7.62,7.62,1.19,12.87,4.54,248.6567164,183.4801762,0.623145,0.004,0.619145,6.69350694,0.223116898,51.00452289,10.81088751,eemc_105,49_abs,20201022_Raman.csv,2.955102207,1.22497773,1.297763029,1.336717301,0.487989057,1.479514368,0.533777686,2.210715912,6.055673103,2.277073812,0.414529733,0.9439148,0.916407477,1.030016476,2.659410104,0.164,0.132,0.096,0.042,0.016,2.450135653,1.384615385,0.043103036,0.466774689,0.062085078,0.260721091,0.016334287,0.299519109,0.019211991,0.017713019,0.038841391,0,0.036172532,0.017220504,0.071204788,0.117873173,0.043103036
2020-09,FF A,FF,FF,2 A,A,FFA,FFA,10YR 2/1,20.42278226,8.88867207,70.68854567,Sandy Loam,7.62,25.4,17.78,1.17,11.99,9.01,38.01020408,33.07436182,0.422596409,0.004,0.418596409,3.713820468,0.123794016,66.03172792,8.872079131,eemc_106,50_abs,20201022_Raman.csv,2.178286484,0.874857774,0.758012985,0.892253305,0.360323195,1.487622093,0.557737657,2.441331931,6.045368476,2.873679644,0.401626591,1.154146158,0.98050382,1.177095014,2.103702996,0.097,0.076,0.057,0.026,0.01,2.61186562,1.1875,0.027345233,0.455798895,0.063742229,0.266514369,0.018755145,0.276885804,0.025443074,0.035978081,0.050156807,0,0.03627143,0.001265629,0.070775905,0.126866295,0.027345233
2020-09,FF B,FF,FF,3 B,B,FFB,FFB,10YR 4/1,20.37780094,11.0328296,68.58936946,Sandy Loam,25.4,33.02,7.62,1.16,15.06,12.75,19.93097498,18.11764706,0.01,0.004,0.006,2.074700208,0.069156674,15.80921558,345.783368,eemc_107,51_abs,20201022_Raman.csv,0.555618453,0.500478075,0.202978512,0.324682509,0.344247581,1.651275586,0.524208317,1.711266969,1.614008297,2.73732646,0.900758555,2.465670228,1.541438362,1.599590543,0.589629451,0.024,0.019,0.014,0.006,0.003,1.156793637,1.666666667,0.03838182,0.405666858,0.064721781,0.239641534,0.020898529,0.230652775,0.018212763,0.027638049,0.058815375,0.038323053,0.03647055,0,0.06012539,0.204441434,5.87675E-05
2020-11,QB Upland O1,QB,4 Upland,1 O,O1,4 UplandO,4 UplandO1,7.5YR 2.5/2,,,,Organic,0,5.08,5.08,1.21,12.77,6.05,138.8429752,111.0743802,1.293373904,0.105910631,1.187463273,14.53109382,0.072655469,73.81795661,12.23708906,eemc_108,1_abs,20201108_Raman.csv,2.253473449,1.652680101,1.761842715,1.763289795,0.972727243,1.489714012,0.459187295,1.277993813,2.316655019,1.279043487,0.733392311,0.938040658,0.937270836,1.000821345,1.81124023,0.186,0.142,0.1,0.038,0.012,1.280013757,1.615384615,0.075557277,0.531167435,0.05516395,0.188639345,0.013748862,0.382646913,0.00375947,0,0.018804368,0.033644827,0.033356975,0.029862338,0.059600599,0.138859901,0.04191245
2020-11,QB Upland O2,QB,4 Upland,1 O,O2,4 UplandO,4 UplandO2,10YR 3/2,14.09980705,0.776136168,85.12405678,Loamy Sand,5.08,8.89,3.81,1.15,12.73,10.33,26.14379085,23.23330106,0.526691084,0.0395,0.487191084,8.006385839,0.040031929,30.50433005,16.43376922,eemc_109,2_abs,20201108_Raman.csv,2.059411983,1.200886669,0.977285209,1.075928379,0.593565092,1.445125393,0.508410975,1.914079063,3.469563848,2.107278371,0.583121143,1.228798572,1.11613997,1.100935908,1.646466786,0.167,0.134,0.096,0.042,0.016,2.085835024,1.461538462,0.069395975,0.469005483,0.061944875,0.227605664,0.018961179,0.29196335,0.020757431,0.009099115,0.03790014,0.005913124,0.033328487,0.021952972,0.07023284,0.136857971,0.063482852
2020-11,QB Upland A,QB,4 Upland,2 A,A,4 UplandA,4 UplandA,10YR 4/3,11.88230981,5.447846013,82.66984418,Loamy Sand,8.89,25.4,16.51,1.2,12.14,10.44,18.3982684,16.2835249,0.222345512,0.004,0.218345512,4.153497417,0.020767487,68.57424235,19.02259122,eemc_110,3_abs,20201108_Raman.csv,1.537538545,0.924943357,0.602135623,0.662328377,0.322208678,1.565142897,0.464986491,2.321414269,4.771871921,2.553475471,0.601574094,1.536104694,1.396502686,1.099965442,1.868775312,0.093,0.071,0.051,0.021,0.007,2.239076871,1.428571429,0.04419864,0.421811777,0.064958652,0.249397161,0.044747293,0.225637663,0.018868187,0.02953978,0.049834171,0.012847834,0.045579178,0.010700472,0.062889032,0.153649771,0.031350806
2020-11,QB Upland B,QB,4 Upland,3 B,B,4 UplandB,4 UplandB,2.5Y 6/4,10.54229342,7.80222597,81.65548061,Loamy Sand,25.4,50.8,25.4,1.21,18.85,16.04,18.94807822,17.51870324,0.085204858,0.004,0.081204858,1.693712267,0.008468561,43.02029158,20.85727763,eemc_111,4_abs,20201108_Raman.csv,0.295926989,0.45525443,0.150700789,0.249741206,0.31814972,1.735305178,0.391312391,1.184934572,0.930150082,1.963672458,1.538401186,3.020916037,1.822904751,1.657199058,0.473678835,0.017,0.013,0.009,0.003,0.001,1.003712397,2,0.051677877,0.41106516,0.063085065,0.188163765,0.048934277,0.244376412,0.001887333,0,0.047821025,0.051677877,0.045475552,0.010252912,0.036273599,0.262052183,0
2020-11,QB Trasition O,QB,3 Transition,1 O,O,3 TransitionO,3 TransitionO,7.5YR 2.5/2,,,,Organic,0,10.16,10.16,1.2,12.01,4.5,227.5757576,166.8888889,0.761121813,0.092677197,0.668444616,17.36658907,0.086832945,176.4445449,25.98059532,eemc_112,5_abs,20201108_Raman.csv,4.273696379,2.378191995,2.672521826,2.658693605,1.260629825,1.45879409,0.469917429,1.607442231,3.39012793,1.599124968,0.556471912,0.889868128,0.894496451,0.994825778,2.119989369,0.338,0.262,0.188,0.08,0.03,1.946265894,1.48,0.070835093,0.502498694,0.057001561,0.213415161,0.012144195,0.347997165,0.010498846,0,0.02139225,0.004773632,0.0369167,0.030554388,0.071357421,0.127887221,0.066061461
2020-11,QB Transition A,QB,3 Transition,2 A,A,3 TransitionA,3 TransitionA,10YR 2/1,12.47312023,6.978353607,80.54852617,Loamy Sand,10.16,30.48,20.32,1.18,15.41,11.14,42.87148594,38.33034111,0.411018607,0.004,0.407018607,6.510985264,0.032554926,132.3032206,15.99677546,eemc_113,6_abs,20201108_Raman.csv,2.26449583,1.41325025,0.874368561,1.088430085,0.765092109,1.462732904,0.51969574,2.080515653,2.959768899,2.589864196,0.624090462,1.616309544,1.298429976,1.244818414,1.142827838,0.146,0.115,0.078,0.032,0.012,2.24236416,1.85,0.055374423,0.428749684,0.06097995,0.24166491,0.025853748,0.249413655,0.023411039,0.036420808,0.043091874,0.01563032,0.034266308,0.004617405,0.062278629,0.162627252,0.039744103
2020-11,QB Transition B,QB,3 Transition,3 B,B,3 TransitionB,3 TransitionB,10YR 4/1,11.41808195,13.93307798,74.64884007,Sandy Loam,30.48,45.72,15.24,1.18,12.76,10.21,28.23920266,24.9755142,0.112007017,0.053041789,0.058965228,2.672046474,0.013360232,40.72198826,45.31563011,eemc_114,7_abs,20201108_Raman.csv,0.81459078,1.466750491,0.370315224,0.76424731,1.201735769,1.690760265,0.433001724,1.065873271,0.677845165,2.199722636,1.800597952,3.960816072,1.919209228,2.063775025,0.308150288,0.039,0.03,0.019,0.006,0.001,1.459555452,2.2,0.074353381,0.379155255,0.054488552,0.174175997,0.014722219,0.226074626,0.005319294,0.013126737,0.053461447,0.074353381,0.032967097,0.005070792,0.031209409,0.315030447,0
2020-11,QB Edge O,QB,2 Edge,1 O,O,2 EdgeO,2 EdgeO,10YR 2/2,,,,Organic,0,7.62,7.62,1.19,12.7,7.61,79.2834891,66.88567674,0.554242646,0.072199179,0.482043467,8.233299857,0.041166499,62.73774491,17.0799947,eemc_115,8_abs,20201108_Raman.csv,3.225244792,1.324889495,1.073804763,1.290282277,0.625918526,1.476850191,0.55248215,2.499642792,5.152818873,3.003567224,0.410787268,1.233827173,1.026821432,1.201598578,1.715566354,0.153,0.119,0.085,0.037,0.014,1.858307151,1.47826087,0.033795443,0.433421173,0.059990221,0.274991575,0.019335519,0.257645196,0.02590419,0.040264352,0.049589161,0,0.033802087,0,0.075995284,0.128686972,0.033795443
2020-11,QB Edge A,QB,2 Edge,2 A,A,2 EdgeA,2 EdgeA,10YR 2/1,4.794523211,7.907849972,87.29762682,Loamy Sand,7.62,45.72,38.1,1.16,16.13,9.67,75.9106933,66.80455016,0.667446503,0.04720791,0.620238593,8.031495177,0.040157476,305.9999662,12.94904133,eemc_116,9_abs,20201108_Raman.csv,2.920978944,1.19906285,1.15178911,1.276647778,0.497417528,1.506137998,0.54660475,2.288006914,5.872287926,2.536036257,0.41050034,1.041043746,0.939227617,1.108404105,2.315537843,0.135,0.103,0.074,0.032,0.011,1.680882538,1.380952381,0.027700545,0.472708955,0.056240134,0.263033543,0.023002477,0.300843907,0.021382137,0.029468691,0.04585492,0,0.038707566,0.003040611,0.068680456,0.122045013,0.027700545
2020-11,QB Wetalnd O,QB,1 Wetland,1 O,O,1 WetlandO,1 WetlandO,10YR 2/2,,,,Organic,0,5.08,5.08,1.15,12.08,6.09,121.2550607,98.35796388,0.740226708,0.049070567,0.691156142,8.888002596,0.044440013,45.15105319,12.85961603,eemc_117,10_abs,20201108_Raman.csv,4.379175632,1.640807605,1.656445989,1.824136882,0.66516399,1.489785716,0.549744418,2.400683674,6.583602991,2.643717732,0.374684128,0.990559074,0.89949807,1.101235352,2.490282117,0.177,0.135,0.099,0.044,0.017,1.991448563,1.333333333,0.02418059,0.469205526,0.052420269,0.269543882,0.019932134,0.305555151,0.019793158,0.036810478,0.044323628,0,0.036968095,0,0.071161031,0.119311583,0.02418059
2020-11,QB Wetland A,QB,1 Wetland,2 A,A,1 WetlandA,1 WetlandA,10YR 2/1,15.56859251,8.092924742,76.33848274,Sandy Loam,5.08,48.26,43.18,1.19,14.39,9.69,55.29411765,48.50361197,0.603615045,0.049167407,0.554447637,11.27896956,0.056394848,487.0259056,20.34271372,eemc_118,11_abs,20201108_Raman.csv,3.895314283,1.65695488,1.471055179,1.662900471,0.773539119,1.531012928,0.544691102,2.342481917,5.035704322,2.647972924,0.425371295,1.126371671,0.996424566,1.13041339,1.901720473,0.15,0.113,0.082,0.036,0.013,1.329908723,1.347826087,0.025457301,0.459746024,0.051322195,0.266837399,0.021722191,0.295202616,0.019134464,0.035283072,0.04587265,0,0.038029283,0,0.070421887,0.130716942,0.025457301
